slug,product,eur,item,url,checked
jewellery-bymz,joias,40,Bubble Ring,https://jewellerybymz.com/product/everyday-silver-bubble-ring/,2026-10-09
jewellery-bymz,joias,56,Spinner Ring,https://jewellerybymz.com/product/everyday-silver-spinner-ring/,2026-10-09
jewellery-bymz,joias,68,Sand Beach Ring,https://jewellerybymz.com/product/sandcast-silver-sand-beach-ring/,2026-10-09
jewellery-bymz,joias,73,Rocky Mountain Ring,https://jewellerybymz.com/product/sandcast-silver-rocky-mountain-ring/,2026-10-09
jewellery-bymz,joias,85,Black Shore Ring,https://jewellerybymz.com/product/sandcast-silver-black-shore-ring/,2026-10-09
jj-heitor,sapatos,139,Positano Black,https://jjheitorshoes.com/products/positano-black,2026-10-09
jj-heitor,sapatos,129,Sintra Brown Beige,https://jjheitorshoes.com/products/sintra-brown-beige,2026-10-09
jj-heitor,sapatos,145,Paris Black,https://jjheitorshoes.com/products/paris-black,2026-10-09
jj-heitor,sapatos,149,Notting Hill Black,https://jjheitorshoes.com/products/notting-hill-black,2026-10-09
jj-heitor,sapatos,239,Barcelona Black,https://jjheitorshoes.com/products/barcelona-black,2026-10-09
kankura,sapatos,199,"Master Lady 03, White & Black",https://kankuragolf.com/products/ml003-21,2026-10-09
kankura,sapatos,199,"Florida 02, White & Black",https://kankuragolf.com/products/florida-2,2026-10-09
kankura,sapatos,219,"Challenge 01, White, Navy & Red",https://kankuragolf.com/products/challenge-3,2026-10-09
kankura,sapatos,229,"Drive 05, Blue",https://kankuragolf.com/products/d005-03,2026-10-09
kankura,sapatos,239,"Scottsdale 06, White & Black",https://kankuragolf.com/products/s006-04,2026-10-09
kitess,roupa-de-banho,95,Emily Swimsuit Shiny Gold,https://kitess-clothing.com/pt/swimwear/2635-231374-emily-swimsuit-gold.html,2026-10-09
kitess,roupa-de-banho,95,Sahara Swimsuit Shiny Gold,https://kitess-clothing.com/pt/fatos-de-banho/2655-231725-sahara-swimsuit-gold.html,2026-10-09
kukka,fitas-para-oculos,8,kukka senhor do bonfim pink,https://kukka.pt/kukkacord/kukka-senhor-do-bomfim-pink,2026-10-09
kukka,fitas-para-oculos,14,kukka berlim,https://kukka.pt/kukkacord/kukka-red-amp-blue,2026-10-09
kukka,fitas-para-oculos,20,kukka tel aviv,https://kukka.pt/kukkacord/kukka-tel-aviv-1,2026-10-09
kukka,fitas-para-oculos,20,kukka paris,https://kukka.pt/kukkacord/kukka-la-valeta-1,2026-10-09
la-paz,t-shirts,67,Botelho Dark Navy,https://lapaz.pt/products/botelho-dark-navy,2026-10-09
la-paz,t-shirts,73,Duarte Off-White,https://lapaz.pt/products/duarte-off-white,2026-10-09
la-paz,t-shirts,85,Mesquita Off-White,https://lapaz.pt/products/mesquita-off-white,2026-10-09
la-paz,t-shirts,90,Carneiro Off-White,https://lapaz.pt/products/carneiro-off-white,2026-10-09
labrador,camisas,138,Camisa Desportiva de Algodão,https://labrador.pt/products/camisa-desportiva-de-algodao-copia-1,2026-10-09
labrador,camisas,143,Camisa Desportiva Oxford,https://labrador.pt/products/camisa-desportiva-de-algodao-copia-copia-copia-copia-1,2026-10-09
labrador,camisas,148,Camisa Desportiva de Flanela,https://labrador.pt/products/camisa-desportiva-de-algodao-copia-copia-copia-2,2026-10-09
lambda,sapatos,240,Vittoria White & Blue,https://lambdagolf.com/product/vittoria-white-blue/,2026-10-09
lambda,sapatos,260,Anzio White & Blue,https://lambdagolf.com/product/anzio-blue/,2026-10-09
lambda,sapatos,270,Alba Lilac,https://lambdagolf.com/product/alba-lilac/,2026-10-09
lambda,sapatos,290,Crotone Blue,https://lambdagolf.com/product/crotone-blue/,2026-10-09
lambda,sapatos,310,Pompeia White & Pink,https://lambdagolf.com/product/pompeia-white-pink/,2026-10-09
casta,sapatos,129,Valerie (loafer),https://casta.pt/products/valerie-navy,2026-10-09
casta,sapatos,129,Vanda (loafer),https://casta.pt/products/vanda,2026-10-09
casta,sapatos,129,Fava,https://casta.pt/products/fava,2026-10-09
casta,sapatos,129,Maddie,https://casta.pt/products/maddie,2026-10-09
cavemen,fatos,299,Fato Slim Fit Castanho (Pick Stitch),https://www.cavemenstore.com/pt/fato-slim-fit-castanho-pick-stitch.html,2026-10-09
cavemen,fatos,299,Fato Slim Fit Bege (Pick Stitch),https://www.cavemenstore.com/pt/fato-slim-fit-bege.html,2026-10-09
cavemen,fatos,299,Fato Slim Fit Verde Escuro (Pick Stitch),https://www.cavemenstore.com/pt/fato-slim-fit-verde-escuro-pick-stitch.html,2026-10-09
cavemen,fatos,299,Fato Slim Fit Bordeaux (Pick Stitch),https://www.cavemenstore.com/pt/fato-slim-fit-bordeaux-pick-stitch.html,2026-10-09
centenario-1941,sapatos,210,Oxford 40940/00,https://centenario1941.com/product/oxford-40940-00/,2026-10-09
centenario-1941,sapatos,245,Oxford 40930/00,https://centenario1941.com/product/oxford-40930-00/,2026-10-09
centenario-1941,sapatos,220,Derby 40968/00,https://centenario1941.com/product/derby-40968-00/,2026-10-09
centenario-1941,sapatos,260,Monk 40972/00,https://centenario1941.com/product/monk-40972-00/,2026-10-09
centenario-1941,sapatos,240,Loafer 40947/00,https://centenario1941.com/product/loafer-40947-00/,2026-10-09
chule,meias,14,KOALA,https://chule.pt/products/chule-koalas,2026-10-09
chule,meias,14,TUCANO,https://chule.pt/products/chule-tucano-amarelo,2026-10-09
chule,meias,14,FPF - ESCUDO 2026,https://chule.pt/products/fpf-escudo-25-26,2026-10-09
chule,meias,14,SC Braga - Augusta,https://chule.pt/products/chule-meias-sc-braga-augusta,2026-10-09
chule,meias,14,Vitória SC - Vintage Black,https://chule.pt/products/chule-meias-vitoria-sc-vintage-black,2026-10-09
cinco,joias,69,Brincos Sora Oval,https://pt.cinco-store.com/products/sora-oval-earrings,2026-10-09
cinco,joias,79,Colar Knot com barra em T,https://pt.cinco-store.com/products/t-bar-necklace,2026-10-09
cinco,joias,99,Colar Hannah,https://pt.cinco-store.com/products/hanna-chocker,2026-10-09
cinco,joias,125,Anel Dupla Banda Nora,https://pt.cinco-store.com/products/nora-double-band-ring,2026-10-09
cinco,joias,125,Brincos Geométricos Vega,https://pt.cinco-store.com/products/vega-v-shaped-earrings,2026-10-09
cluoh,malas,54,Helen Vanilla,https://www.cluoh.com/products/carteira-bucket-bombazine-helen-vanilla,2026-10-09
cluoh,malas,46,Gabi Vanilla,https://www.cluoh.com/products/pasta-computador-bombazine-gabi-vanilla,2026-10-09
cluoh,malas,180,Gabrielle Camel,https://www.cluoh.com/products/pasta-computador-pele-gabrielle-camel,2026-10-09
cluoh,malas,190,Mary Latte,https://www.cluoh.com/products/carteira-pele-alca-corrente-mary-latte,2026-10-09
cluoh,malas,230,Botero Camel,https://www.cluoh.com/products/mala-pele-botero-camel,2026-10-09
wetheknot,t-shirts,55,Essential t-shirt (black),https://www.wetheknot.com/product/essential-t-shirt-black,2026-10-09
wetheknot,t-shirts,55,Essential graphic t-shirt (charcoal),https://www.wetheknot.com/product/essential-graphic-t-shirt-charcoal,2026-10-09
wetheknot,t-shirts,55,Everyday t-shirt (warm grey),https://www.wetheknot.com/product/everyday-t-shirt-warm-grey,2026-10-09
wetheknot,t-shirts,55,Stripes t-shirt (bottle green),https://www.wetheknot.com/product/stripes-t-shirt-bottle-green,2026-10-09
wetheknot,t-shirts,65,Relaxed graphic t-shirt (black),https://www.wetheknot.com/product/relaxed-graphic-t-shirt-black,2026-10-09
gandaia,camisas,130,Brown Linen Shirt,https://www.gandaia.store/products/brown-linen-shirt,2026-10-09
gandaia,camisas,145,Cravo Shirt,https://www.gandaia.store/products/cravo-shirt,2026-10-09
gandaia,camisas,160,Alentejo Shirt,https://www.gandaia.store/products/alentejo-shirt,2026-10-09
naturapura,roupa-de-crianca,16.90,Sleeveless Envelope Neck Bodysuit,https://naturapura.com/product/basic-body/,2026-10-09
naturapura,roupa-de-crianca,23.90,Wrap-over Long-Sleeve Bodysuit,https://naturapura.com/product/basic-bodysuit-long-sleeved/,2026-10-09
naturapura,roupa-de-crianca,27.90,Long-Sleeved Envelope Neck Bodysuit,https://naturapura.com/product/envelope-neck-bodysuit/,2026-10-09
naturapura,roupa-de-crianca,36.90,Wrap-over Long-Sleeve Bodysuit (interlock),https://naturapura.com/product/interlock-wraparound-bodysuit/,2026-10-09
naturapura,roupa-de-crianca,42.90,Long-Sleeved Peter Pan Collar Bodysuit,https://naturapura.com/product/bodysuit-with-round-collar-3/,2026-10-09
piupiuchick,roupa-de-crianca,58,Baby Peter Pan Collar Blouse Black with Flowers,https://www.piupiuchick.com/products/baby-peter-pan-collar-blouse-black-with-flowers,2026-10-09
piupiuchick,roupa-de-crianca,62,Trousers Grey with Black Stripes,https://www.piupiuchick.com/products/trousers-grey-with-black-stripes,2026-10-09
piupiuchick,roupa-de-crianca,65,Hoodie Green with Apple Print,https://www.piupiuchick.com/products/hoodie-green-with-apple-print,2026-10-09
piupiuchick,roupa-de-crianca,74,Short Dress Black with Flowers,https://www.piupiuchick.com/products/short-dress-black-with-flowers,2026-10-09
piupiuchick,roupa-de-crianca,80,Knitted Sweater Green & Brown Stripes,https://www.piupiuchick.com/products/knitted-sweater-green-brown-stripes,2026-10-09
a-line,camisas,160,Lucy Shirt,https://alineclothing.com/products/lucy-shirt,2026-10-09
a-line,camisas,170,Blue Stripes Shirt,https://alineclothing.com/products/blue-stripes-shirt,2026-10-09
a-line,camisas,180,Edith Shirt,https://alineclothing.com/products/edith-shirt,2026-10-09
a-line,camisas,185,Robin Raglan Shirt,https://alineclothing.com/products/robin-raglan-shirt,2026-10-09
a-line,camisas,190,Cotton Shirt,https://alineclothing.com/products/cotton-shirt,2026-10-09
beeq,bicicletas,1499,B400 Urban High Step,https://www.beeq-bicycles.com/pt/product/b400-urban-high-step,2026-10-09
beeq,bicicletas,2399,E850 Urban Motion,https://www.beeq-bicycles.com/pt/product/e850-urban-motion,2026-10-09
beeq,bicicletas,2399,E850 Trekking,https://www.beeq-bicycles.com/pt/product/e850-trekking,2026-10-09
beeq,bicicletas,2799,E900 Crossover,https://www.beeq-bicycles.com/pt/product/e900-crossover,2026-10-09
beeq,bicicletas,2999,M850 Full Suspension ATB,https://www.beeq-bicycles.com/pt/product/m850-full-suspension-atb,2026-10-09
bennie,roupa-de-crianca,18.50,Sweatshirt Basic Bennie,https://bennie.pt/produto/sweatshirt-basic-bennie/,2026-10-09
bennie,roupa-de-crianca,15.95,Legging com bordado no punho,https://bennie.pt/produto/legging-com-bordado-no-punho-2/,2026-10-09
bennie,roupa-de-crianca,20.95,Camisola Lace Girl,https://bennie.pt/produto/camisola-lace-girl/,2026-10-09
bennie,roupa-de-crianca,25.95,Calça Roll Green - Verde Azevinho,https://bennie.pt/produto/calca-roll-green-2/,2026-10-09
bennie,roupa-de-crianca,34.95,Hoodie Flowing - Pantera,https://bennie.pt/produto/hoodie-flowing/,2026-10-09
blue-avenue,roupa-de-banho,68,Barney Blue Waves,https://blueavenue.co/products/barney-blue-waves,2026-10-09
blue-avenue,roupa-de-banho,68,Barney Green Eye,https://blueavenue.co/products/baney-green-eye,2026-10-09
blue-avenue,roupa-de-banho,68,Classic Red Waves,https://blueavenue.co/products/classic-red-waves,2026-10-09
blue-avenue,roupa-de-banho,68,Classic Vidago Blue,https://blueavenue.co/products/classic-vidago-blue,2026-10-09
blue-avenue,roupa-de-banho,68,Classic Matcha,https://blueavenue.co/products/classic-matcha,2026-10-09
broolls,oculos,179,DESTINY,https://broolls.com/products/destiny,2026-10-09
broolls,oculos,179,ZENITH,https://broolls.com/products/zenith,2026-10-09
broolls,oculos,189,IMPERIUM,https://broolls.com/products/imperium,2026-10-09
broolls,oculos,199,ESPINHO,https://broolls.com/products/espinho,2026-10-09
broolls,oculos,229,LEGACY,https://broolls.com/products/legacy,2026-10-09
camport,sapatos,99,Sapatos Softstep Preto,https://camport.pt/products/sapatos-softstep-preto,2026-10-09
camport,sapatos,105,Sapatos New Nobleman Derby II,https://camport.pt/products/sapatos-new-nobleman-derby-ii,2026-10-09
camport,sapatos,110,Sapatos Easy Walk Preto,https://camport.pt/products/sapatos-easy-walk-preto,2026-10-09
camport,sapatos,110,Sapatos Premium II Preto,https://camport.pt/products/sapatos-premium-ii-preto,2026-10-09
camport,sapatos,110,Sapatos Wallabee II Preto,https://camport.pt/products/sapatos-wallabee-ii-preto,2026-10-09
cantaloupe-studio,sapatilhas,169,ARTIST | NUDE ROSE CROCO,https://cantaloupe-studio.com/products/artist-nude-rose-croco,2026-10-09
cantaloupe-studio,sapatilhas,169,ARTIST | BROWN FLOWERS,https://cantaloupe-studio.com/products/artist-brown-flowers,2026-10-09
cantaloupe-studio,sapatilhas,175,ARTIST | BLACK DOTS,https://cantaloupe-studio.com/products/artist-black-dots,2026-10-09
cantaloupe-studio,sapatilhas,169,ARTIST | WHITE LEOPARD,https://cantaloupe-studio.com/products/artist-white-leopard,2026-10-09
cantaloupe-studio,sapatilhas,160,ARTIST | WHITE DEGRADÉ,https://cantaloupe-studio.com/products/artist-white-degrade,2026-10-09
cante,roupa-de-banho,120,Biquini Mariah V4,https://www.cantelisboa.com/en/swimwear/biquini-mariah-v4_p16289.html,2026-10-09
cante,roupa-de-banho,122,Bikini Miley V1,https://www.cantelisboa.com/en/swimwear/bikini-miley-v1_p15983.html,2026-10-09
cante,roupa-de-banho,126,Bikini Miley V3,https://www.cantelisboa.com/en/swimwear/bikini-miley-v3_p16045.html,2026-10-09
cante,roupa-de-banho,141,Bikini Selena V2,https://www.cantelisboa.com/en/swimwear/bikini-selena-v2_p15921.html,2026-10-09
cante,roupa-de-banho,141,Biquini Avril V3,https://www.cantelisboa.com/en/swimwear/biquini-avril-v3_p15447.html,2026-10-09
a-risca,loica-de-mesa,14.90,Pratos,https://arisca.shop/products/pratos,2026-10-09
a-risca,loica-de-mesa,16.90,Bowl,https://arisca.shop/products/bowl,2026-10-09
a-risca,loica-de-mesa,16.90,Caneca,https://arisca.shop/products/caneca-barro-vermelho,2026-10-09
a-risca,loica-de-mesa,17.90,Bowl grés,https://arisca.shop/products/bowl-gres,2026-10-09
a-risca,loica-de-mesa,39.90,Saladeira,https://arisca.shop/products/saladeira,2026-10-09
alameda-turquesa,sapatos,385,"ANDIE, the chunky boat shoes",https://alamedaturquesa.com/products/andie-the-chunky-boat-shoes,2026-10-09
alameda-turquesa,sapatos,435,"GUADELOUPE, wedges",https://alamedaturquesa.com/products/guadeloupe,2026-10-09
alameda-turquesa,sapatos,495,"CORALIE, golden heels",https://alamedaturquesa.com/products/coralie-golden-heels,2026-10-09
alameda-turquesa,sapatos,585,"DELPHINE, mules",https://alamedaturquesa.com/products/delphine-mule,2026-10-09
alameda-turquesa,sapatos,645,"AQUAMARINE, heels",https://alamedaturquesa.com/products/aquamarine-heels,2026-10-09
antarte,mesas,1100,Mesa de jantar Oslo 180x100,https://antarte.pt/pt/produto/oslo772328326-mesa-de-jantar-oslo,2026-10-09
antarte,mesas,2000,Mesa de jantar extensível Veneza,https://antarte.pt/pt/produto/veneza123327-mesa-de-jantar-extensivel-veneza,2026-10-09
antarte,mesas,2488.50,Mesa de jantar extensível Nice,https://antarte.pt/pt/produto/nice266189261267-mesa-de-jantar-extensivel-nice,2026-10-09
antarte,mesas,2730,Mesa de jantar extensível Londres,https://antarte.pt/pt/produto/londres300301302267-mesa-de-jantar-extensivel-londres,2026-10-09
antarte,mesas,3090,Mesa de jantar Oporto 220x100,https://antarte.pt/pt/produto/oporto250497321322-mesa-de-jantar-oporto,2026-10-09
apple-of-eden,sapatos,139.95,CALIFORNIA BLACK,https://apple-of-eden.de/CALIFORNIA-BLACK/25300002N02,2026-10-09
apple-of-eden,sapatos,149.95,EVIE 1 BLACK,https://apple-of-eden.de/EVIE-BLACK/26400002N02,2026-10-09
apple-of-eden,sapatos,149.95,SOL BLACK,https://apple-of-eden.de/SOL-BLACK/25300005N02,2026-10-09
apple-of-eden,sapatos,169.95,PILAR TDM,https://apple-of-eden.de/PILAR-TDM/26430002N02,2026-10-09
armazem-das-malhas,camisolas,44.50,Camisola de Malha Clássica Algodão com Decote em V,https://armazemdasmalhas.com/products/camisola-de-malha-classica-algodao-com-decote-em-v,2026-10-09
armazem-das-malhas,camisolas,52,Camisola de Lã Clássica com Decote Redondo,https://armazemdasmalhas.com/products/camisola-de-la-classica-com-decote-redondo,2026-10-09
armazem-das-malhas,camisolas,63.50,Camisola de Gola Alta em Lã Canelada,https://armazemdasmalhas.com/products/camisola-de-gola-alta-em-la-canelada,2026-10-09
armazem-das-malhas,camisolas,68,Camisola de Lã Pescador,https://armazemdasmalhas.com/products/fisherman-lambswool-sweater,2026-10-09
armazem-das-malhas,camisolas,75,Camisola de Lã Textura Geométrica,https://armazemdasmalhas.com/products/geometric-texture-wool-sweater,2026-10-09
baby-gi,roupa-de-crianca,41.90,Babygrow Air Balloon,https://www.babygi.pt/pt/recem-nascido/babygrow-air-balloon_p17459.html,2026-10-09
baby-gi,roupa-de-crianca,46.50,Casaco Jacquard,https://www.babygi.pt/pt/essenciais/casaco-jacquard_p17280.html,2026-10-09
baby-gi,roupa-de-crianca,47.90,Babygrow C/ Bordado Inglês,https://www.babygi.pt/pt/recem-nascido/babygrow-c-bordado-ingles_p17153.html,2026-10-09
baby-gi,roupa-de-crianca,61.50,Fofo Fairy,https://www.babygi.pt/pt/bebe/fofo-fairy_p17990.html,2026-10-09
baby-gi,roupa-de-crianca,63.90,Jardineira Casual,https://www.babygi.pt/pt/bebe/jardineira-casual_p17730.html,2026-10-09
bean-baby-clothes,roupa-de-crianca,20.90,Casaco Munique,https://www.bean.pt/loja/camisolas-e-casacos/casaco-munique/,2026-10-09
bean-baby-clothes,roupa-de-crianca,24.90,Fofo Figo,https://www.bean.pt/loja/temas/figo/fofo-figo/,2026-10-09
bean-baby-clothes,roupa-de-crianca,25.90,Pijama Teddy Gola Redonda,https://www.bean.pt/loja/novidades/pijama-teddy-gola-redonda/,2026-10-09
bean-baby-clothes,roupa-de-crianca,27.90,Jardineiras Figo,https://www.bean.pt/loja/temas/figo/jardineiras-figo/,2026-10-09
bean-baby-clothes,roupa-de-crianca,29.90,Vestido Figo,https://www.bean.pt/loja/temas/figo/vestido-figo/,2026-10-09
collady,meias,8.50,Peúga Tropical,https://collady.com/products/peuga-tropical,2026-10-10
collady,meias,8.50,Peúga Breeze,https://collady.com/products/peuga-breeze,2026-10-10
collady,meias,8.50,Peúga Candy,https://collady.com/products/peuga-candy,2026-10-10
collady,meias,12.00,Meia Liga Skin Mate C/Renda Diva,https://collady.com/products/meia-liga-skin-c-renda-diva,2026-10-10
collady,meias,11.50,Collants Inspire Me,https://collady.com/products/collants-confident-woman-copia,2026-10-10
companhia-atlantica,loica-de-mesa,22.50,Prato Jantar Verde BREEZY,https://www.companhiaatlantica.pt/produto/ceramica-portuguesa/pratos-de-ceramica/prato-jantar-verde-breezy,2026-10-10
companhia-atlantica,loica-de-mesa,18.00,Prato Jantar Ø27 DUNA,https://www.companhiaatlantica.pt/produto/ceramica-portuguesa/pratos-de-ceramica/prato-jantar-o27-duna,2026-10-10
companhia-atlantica,loica-de-mesa,22.95,Prato de Jantar GIRO,https://www.companhiaatlantica.pt/produto/ceramica-portuguesa/pratos-de-ceramica/prato-de-jantar-giro,2026-10-10
companhia-atlantica,loica-de-mesa,18.00,Prato Pasta MELIDES,https://www.companhiaatlantica.pt/produto/ceramica-portuguesa/pratos-de-ceramica/prato-pasta-melides,2026-10-10
conscious,jeans,135.00,sustainable light blue washed denim jeans,https://consciousthelabel.com/products/sustainable-light-blue-washed-denim-jeans,2026-10-10
conscious,jeans,130.00,sustainable white washed denim jeans,https://consciousthelabel.com/products/sustainable-white-washed-denim-jeans,2026-10-10
conscious,jeans,130.00,sustainable blue washed denim jeans,https://consciousthelabel.com/products/denim-trousers-blue-washed-jeans,2026-10-10
conscious,jeans,130.00,sustainable black washed denim jeans,https://consciousthelabel.com/products/sustainable-black-washed-denim-jeans,2026-10-10
conscious,jeans,130.00,sustainable brown washed denim jeans,https://consciousthelabel.com/products/sustainable-brown-washed-denim-jeans,2026-10-10
cubanas,sapatos,119.80,Loafer em Camurça Beige,https://cubanas-shoes.com/products/loafer-em-camurca-beige,2026-10-10
cubanas,sapatos,119.80,Loafer em Camurça Camel,https://cubanas-shoes.com/products/loafer-em-camurca-camel,2026-10-10
cubanas,sapatos,99.80,Sabrina em Camurça Beige e Laço,https://cubanas-shoes.com/products/sabrina-em-camurca-beige-e-laco,2026-10-10
cubanas,sapatos,139.80,Mule Texana em Camurça Castanha,https://cubanas-shoes.com/products/soca-clog-cubanas-amager111brown-brown,2026-10-10
cubanas,sapatos,149.80,Bota em Pele Castanha,https://cubanas-shoes.com/products/bota-cubanas-vanity120brown-brown,2026-10-10
cucawik,malas,43.90,Mala Stella com Pegas de Bambu Riscas Coloridas Laranja,https://cucawik.com/products/mala-stella-com-pegas-de-bambu-riscas-coloridas-laranja,2026-10-10
cucawik,malas,43.90,Mala Stella com Pegas de Bambu Ikat Castanho Verde Bege,https://cucawik.com/products/mala-stella-com-pegas-de-bambu-ikat-castanho-verde-bege,2026-10-10
cucawik,malas,43.90,Mala Stella com Pegas de Bambu Geométrico Chevron Azul Cinzento Branco,https://cucawik.com/products/mala-stella-com-pegas-de-bambu-geometrico-chevron-azul-cinzento-branco,2026-10-10
desculpa-babe,t-shirts,28.00,T-shirt Clássica desculpa babe Preta,https://desculpababe.pt/produto/t-shirt-classica-desculpa-babe-preta/,2026-10-10
desculpa-babe,t-shirts,28.00,"T-shirt ""É o que é"" Branco",https://desculpababe.pt/produto/t-shirt-e-o-que-e-branco/,2026-10-10
desculpa-babe,t-shirts,28.00,"T-shirt ""Não és tu, sou eu"" Branco",https://desculpababe.pt/produto/t-shirt-nao-es-tu-sou-eu-branco/,2026-10-10
desculpa-babe,t-shirts,32.00,"T-shirt Burn, Baby, Burn – Tamara Alves – Preto",https://desculpababe.pt/produto/t-shirt-burn-baby-burn-tamara-alves-preto/,2026-10-10
desculpa-babe,t-shirts,32.00,"T-shirt ""Menos é mais"" – SEM",https://desculpababe.pt/produto/t-shirt-menos-e-mais-sem/,2026-10-10
lazuli,sapatilhas,130.00,myBarefoot Trainer Bege,https://shoelutions.store/products/mybarefoot-trainer-bege,2026-10-10
lazuli,sapatilhas,129.90,myTENNIS Lignify,https://shoelutions.store/products/mytennis-lignify,2026-10-10
lazuli,sapatilhas,129.90,mySNEAKER UNITED Jungle,https://shoelutions.store/products/mysneaker-united-jungle,2026-10-10
lazuli,sapatilhas,119.90,myTRAINER Blue Sky,https://shoelutions.store/products/mytrainer-blue-sky,2026-10-10
lazuli,sapatilhas,119.90,myTENNIS WASTEA WHITE,https://shoelutions.store/products/mytennis-wastea-white,2026-10-10
le-mot,t-shirts,55.00,L'amour fou T-shirt,https://le-mot.com/products/lamour-fou-t-shirt,2026-10-10
le-mot,t-shirts,55.00,Dangereuse ringer t-shirt,https://le-mot.com/products/ringer-t-shirt-dangereuse,2026-10-10
le-mot,t-shirts,50.00,Rue du Croissant T-shirt,https://le-mot.com/products/rue-du-croissant-t-shirt,2026-10-10
le-mot,t-shirts,49.00,Sauvage T-shirt,https://le-mot.com/products/sauvage-t-shirt-1,2026-10-10
le-mot,t-shirts,50.00,Cerise Baby Tee in Pointelle,https://le-mot.com/products/cerise-baby-pointelle-t-shirt,2026-10-10
limontejo,licores,19.00,Garrafa Limontejo 500 ml.,https://www.limontejo.com/loja,2026-10-10
limontejo,licores,9.00,Garrafa Limontejo 200 ml.,https://www.limontejo.com/loja,2026-10-10
lobo-apparel,botas,165.00,Lobo All Black Boots,https://loboapparel.pt/products/lobo-all-black-boots,2026-10-10
lobo-apparel,botas,125.00,Lobo Raw Boots,https://loboapparel.pt/products/lobo-raw-boots,2026-10-10
lobo-apparel,botas,140.00,Lobo Warm Boots,https://loboapparel.pt/products/lobo-warm-boots,2026-10-10
lobo-apparel,botas,149.00,Lobo Tigre Boots 3rd Edition,https://loboapparel.pt/products/lobo-tigre-boots-3rd-edition,2026-10-10
lobo-apparel,botas,135.00,Lobo Red Elastic Boots,https://loboapparel.pt/products/lobo-red-elastic-boots,2026-10-10
maray,sabrinas,179.00,BIAS BLACK Suede Pointed Ballet Flats,https://maray.pt/products/bias-black-suede-pointed-ballet-flats,2026-10-10
maray,sabrinas,174.00,BALLET FLATS GABON BLACK Leather,https://maray.pt/products/ballet-flats-gabon-black,2026-10-10
maray,sabrinas,169.00,AMELIA Croco Red Leather Flat Shoes,https://maray.pt/products/amelia-croco-red,2026-10-10
maray,sabrinas,179.00,AYU CHUNCKY BROWN & BLACK Leather Flat Shoes,https://maray.pt/products/ayu-chuncky-brown-black,2026-10-10
maray,sabrinas,189.00,BLOSSOM EDIT COGNAC / BROWN Leather Flat Shoes,https://maray.pt/products/blossom-edit-cognac-brown,2026-10-10
marqqa,mesas,1080.00,KATE side table,https://marqqa.com/furniture/side-tables/kate-white-side-table/,2026-10-10
marqqa,mesas,1250.00,GARY side table,https://marqqa.com/furniture/side-tables/gary-small-side-table/,2026-10-10
marqqa,mesas,1280.00,MARTHA side table,https://marqqa.com/furniture/side-tables/martha-night-table/,2026-10-10
marqqa,mesas,1310.00,LISA side table,https://marqqa.com/furniture/side-tables/lisa-square-side-table/,2026-10-10
marqqa,mesas,1340.00,EVE side table,https://marqqa.com/furniture/side-tables/eve-natural-oak-and-polsihed-steel-gold-side-table/,2026-10-10
matta,pranchas-de-surf,434.00,6'0 LEKKER | MATTA Surfboards,https://www.matta.surf/store/60-lekker-matta-surfboards/,2026-10-10
matta,pranchas-de-surf,459.00,6'2 J5 | MATTA Surfboards,https://www.matta.surf/store/62-j5-matta-surfboards/,2026-10-10
matta,pranchas-de-surf,464.00,6'0 HUBBY | MATTA Surfboards,https://www.matta.surf/store/60-hubby-matta-surfboards/,2026-10-10
matta,pranchas-de-surf,449.00,6´6 BFF | MATTA Surfboards,https://www.matta.surf/store/66-bff-matta-surfboards/,2026-10-10
matta,pranchas-de-surf,459.00,5'10 TLX | MATTA Surfboards,https://www.matta.surf/store/tlx/,2026-10-10
diverge,sapatilhas,180,Twist Low V0 White,https://www.diverge-sneakers.com/products/v0-white-7,2026-10-10
diverge,sapatilhas,195,Slip On V37 Red with Grey,https://www.diverge-sneakers.com/products/v37-red-with-grey,2026-10-10
diverge,sapatilhas,205,Now V48 Brown,https://www.diverge-sneakers.com/products/v48-brown,2026-10-10
diverge,sapatilhas,210,Minimal High V0 White,https://www.diverge-sneakers.com/products/v0-white-1,2026-10-10
diverge,sapatilhas,220,Meteor 88 V0 White,https://www.diverge-sneakers.com/products/v0-white-3,2026-10-10
eject,sapatilhas,180,DASS 2 AEGIR,https://ejectshoes.com/products/dass2-aegir,2026-10-10
eject,sapatilhas,190,CLOUD FULLA,https://ejectshoes.com/products/cloud-fulla,2026-10-10
eject,sapatilhas,200,FLIGHT TYR,https://ejectshoes.com/products/flight-tyr,2026-10-10
eject,sapatilhas,200,STREET DIA,https://ejectshoes.com/products/street-dia,2026-10-10
eject,sapatilhas,210,SKAT NOITE,https://ejectshoes.com/products/skat-noite,2026-10-10
entrudo,malas,299,Baçal - colorful natural raffia bag,https://www.entrudo.com/products/bacal-colorful-natural-raffia-bag,2026-10-10
entrudo,malas,259,Arcas - hand-painted leather bag,https://www.entrudo.com/products/arcas-hand-painted-leather-bag,2026-10-10
entrudo,malas,259,Larinho - jute bag with raffia hand embroidery,https://www.entrudo.com/products/larinho-jute-bag-with-raffia-hand-embroidery,2026-10-10
entrudo,malas,239,Cimbres - dégradé dyed raffia bag,https://www.entrudo.com/products/cimbres-degrade-dyed-raffia-bag,2026-10-10
entrudo,malas,229,Covelinhas - bag in leather and crochet in bronze and white faux fur,https://www.entrudo.com/products/covelinhas-bag-in-leather-and-crochet-in-bronze-and-white-faux-fur,2026-10-10
favorite-people,jardineiras,102,Cinema Overalls Woman,https://www.favoritepeoplestore.com/products/aw26-cinema_overalls_woman,2026-10-10
favorite-people,jardineiras,102,Traveler Overalls Woman,https://www.favoritepeoplestore.com/products/aw26-traveler_overalls_woman,2026-10-10
favorite-people,jardineiras,102,Band Overalls Woman,https://www.favoritepeoplestore.com/products/aw26-band_overalls_woman,2026-10-10
favorite-people,jardineiras,102,Old Bike Overalls Woman,https://www.favoritepeoplestore.com/products/aw26-oldbike_overalls_woman,2026-10-10
favorite-people,jardineiras,105,Mainstreet Overalls Woman,https://www.favoritepeoplestore.com/products/aw26-mainstreet_overalls_woman,2026-10-10
fluyt,camisas,75,Camisa Sandstripe,https://www.fluyt.pt/products/camisa-sandstripe,2026-10-10
fluyt,camisas,75,Camisa Stone,https://www.fluyt.pt/products/camisa-stone,2026-10-10
fluyt,camisas,75,Camisa Alma,https://www.fluyt.pt/products/camisa-alma,2026-10-10
fluyt,camisas,69,Camisa Huron,https://www.fluyt.pt/products/camisa-huron,2026-10-10
fluyt,camisas,69,Camisa Bled,https://www.fluyt.pt/products/camisa-bled,2026-10-10
fly-london,sapatos,165,Slip-on Shoes POLF558FLY CAMEL/BROWN,https://shop-eu.flylondon.com/products/camel-brown-slip-on-shoes-polf558fly-fly-london,2026-10-10
fly-london,sapatos,140,Buckle Shoes ARFE535FLY GREEN FOREST,https://shop-eu.flylondon.com/products/green-forest-buckle-shoes-arfe535fly-fly-london,2026-10-10
fly-london,sapatos,200,Lace-up Shoes EVAR562FLY BLACK,https://shop-eu.flylondon.com/products/black-lace-up-shoes-evar562fly-fly-london,2026-10-10
fly-london,sapatos,150,Buckle Shoes RUFE491FLY WINE,https://shop-eu.flylondon.com/products/wine-buckle-shoes-rufe491fly-fly-london,2026-10-10
fly-london,sapatos,100,Slip-on Shoes OPAN480FLY BLACK,https://shop-eu.flylondon.com/products/black-slip-on-shoes-opan480fly-fly-london,2026-10-10
galula,candeeiros,118,Glint Desk Lamp #1 - black base,https://galulastudio.com/products/glint-desk-lamp-1-black-base,2026-10-10
galula,candeeiros,126,Glint Desk Lamp #3 - black base,https://galulastudio.com/products/glint-desk-lamp-3-black-base,2026-10-10
galula,candeeiros,126,Glint Desk Lamp #3 - white base,https://galulastudio.com/products/glint-desk-lamp-3-white-base,2026-10-10
galula,candeeiros,135,Retro Cork Pendant Lamp,https://galulastudio.com/products/retro-cork-pendant-lamp,2026-10-10
get-the-balance,sapatilhas,170,Alvarenga (White version),https://gtbalance.com/product/modelo-alvarenga-white-version/,2026-10-10
get-the-balance,sapatilhas,170,Alvarenga (Green version),https://gtbalance.com/product/modelo-alvarenga-green-version/,2026-10-10
get-the-balance,sapatilhas,170,Alvarenga (Blue version),https://gtbalance.com/product/modelo-alvarenga-blue-version/,2026-10-10
get-the-balance,sapatilhas,165,Porto,https://gtbalance.com/product/modelo-porto/,2026-10-10
ghome,mesas,755,Mesa Pinho,https://www.ghome.pt/product/mesa-pinho/,2026-10-10
ghome,mesas,535,Mesa Bistro Rectângulo,https://www.ghome.pt/product/bistrorectangulo/,2026-10-10
ghome,mesas,565,Mesa Bistro Círculo,https://www.ghome.pt/product/bistrocirculo/,2026-10-10
ghome,mesas,375,Mesa Bistro Quadrado,https://www.ghome.pt/product/bistroquadrado/,2026-10-10
great-i-am,t-shirts,42,Regular T-Shirt Way of Life,https://greatiamwear.com/produto/regular-t-shirt-way-of-life/,2026-10-10
great-i-am,t-shirts,42,Regular T-Shirt Brand Identity,https://greatiamwear.com/produto/regular-t-shirt-brand-identity/,2026-10-10
great-i-am,t-shirts,48,T-Shirt Performance,https://greatiamwear.com/produto/t-shirt-performance-black/,2026-10-10
great-i-am,t-shirts,36,T-Shirt Active,https://greatiamwear.com/produto/t-shirt-active-beige/,2026-10-10
great-i-am,t-shirts,40,Oversized T-Shirt Way of Life,https://greatiamwear.com/produto/oversized-t-shirt-way-of-life-grey/,2026-10-10
heeltread,meias,12.5,Tomcatters Socks,https://heeltread.com/products/tomcatters-socks,2026-10-10
heeltread,meias,12.5,Black Aces Socks,https://heeltread.com/products/black-aces-socks,2026-10-10
heeltread,meias,12.5,NASA Saturn V Socks,https://heeltread.com/products/saturn-v-socks,2026-10-10
heeltread,meias,14,Le Mans 1959 Socks,https://heeltread.com/products/le-mans-1959-socks,2026-10-10
heeltread,meias,14,Martini White Socks,https://heeltread.com/products/martini-sparco-white-2025-socks,2026-10-10
imma,camisas,146,GABRIELLE Shirt White,https://immathebrand.com/products/gabrielle-shirt,2026-10-10
inusitado,cadernos,14,dois pontos,https://inusitado.pt/products/dois-pontos-dotted-notebook,2026-10-10
inusitado,cadernos,14,grafema,https://inusitado.pt/products/grafema-blank-notebook,2026-10-10
inusitado,cadernos,14,teorema,https://inusitado.pt/products/teorema-lined-notebook,2026-10-10
inusitado,cadernos,14,sistema,https://inusitado.pt/products/sistema-grid-notebook,2026-10-10
inusitado,cadernos,35,inner journal,https://inusitado.pt/products/inner-journal-dotted-notebook-hardcover,2026-10-10
ivo-cutelarias,facas,21.7,Faca de Cozinheiro ChefCut,https://www.ivocutelarias.com/cozinha/cozinha-faca-de-cozinheiro/faca-de-cozinheiro-chefcut,2026-10-10
ivo-cutelarias,facas,19.9,Faca de Cozinheiro SOLO Natura,https://www.ivocutelarias.com/cozinha/cozinha-faca-de-cozinheiro/faca-de-cozinheiro-solonatura,2026-10-10
ivo-cutelarias,facas,58.1,Faca de Cozinheiro Supreme 1961,https://www.ivocutelarias.com/cozinha/cozinha-faca-de-cozinheiro/faca-de-cozinheiro-supreme,2026-10-10
ivo-cutelarias,facas,71.8,Faca de Cozinheiro Point. 1954,https://www.ivocutelarias.com/cozinha/cozinha-faca-de-cozinheiro/faca-de-cozinheiro-point,2026-10-10
olivia-jeans,jardineiras,89,Jardineiras Signature,https://oliviajeanslisbon.com/produto/jardineiras-signature/,2026-10-10
olivia-jeans,jardineiras,89,Jardineiras Herança,https://oliviajeanslisbon.com/produto/jardineiras-heranca/,2026-10-10
olivia-jeans,jardineiras,79,Jardineiras Riscas,https://oliviajeanslisbon.com/produto/jardineiras-riscas/,2026-10-10
olivia-jeans,jardineiras,84.90,Jardineiras Olivia Caqui,https://oliviajeanslisbon.com/produto/jardineiras-olivia-caqui/,2026-10-10
olivia-jeans,jardineiras,89,Jardineiras Florais,https://oliviajeanslisbon.com/produto/jardineiras-florais/,2026-10-10
owl-paperlamps,candeeiros,24.90,Barn Owl DIY Paperlamp Kit,https://owlpaperlamps.com/products/barn-owl-diy-paperlamp-pre-cut-papercraft-kit,2026-10-10
owl-paperlamps,candeeiros,35.90,Cachalot DIY Paperlamp Kit,https://owlpaperlamps.com/products/cachalot-diy-paperlamp-pre-cut-papercraft-kit,2026-10-10
owl-paperlamps,candeeiros,35.90,Polar Bear DIY Paperlamp Kit,https://owlpaperlamps.com/products/polar-bear-diy-paperlamp-pre-cut-papercraft-kit,2026-10-10
owl-paperlamps,candeeiros,39.90,Night Owl DIY Paperlamp Kit,https://owlpaperlamps.com/products/night-owl-diy-paperlamp-pre-cut-papercraft-kit,2026-10-10
owl-paperlamps,candeeiros,45.90,Big Elephant DIY Paperlamp Kit,https://owlpaperlamps.com/products/big-elephant-diy-paperlamp-pre-cut-papercraft-kit,2026-10-10
pedemeia,meias,7.80,Meias Extra Finas Algodão Senhora,https://pedemeia.pt/meias-senhora/senhora-basicos/meias-extra-finas-algodao-senhora/,2026-10-10
pedemeia,meias,8.90,Meias Fantasia Algodão Orgânico Homem,https://pedemeia.pt/meias-homem/homem-algodao-organico/algodao-organico-meias-fantasia-homem-14/,2026-10-10
pedemeia,meias,9.80,Meias Fantasia Senhora,https://pedemeia.pt/meias-senhora/meias-fantasia-senhora-4/,2026-10-10
pedemeia,meias,13.20,Meias Fair Isle Senhora,https://pedemeia.pt/meias-senhora/meias-fantasia-senhora-13/,2026-10-10
pedemeia,meias,14.80,Meias Fantasia Homem,https://pedemeia.pt/meias-homem/meias-fantasia-homem-13/,2026-10-10
plus351,t-shirts,65,T-SHIRT ESSENTIAL FIG,https://plus351.pt/products/aw26-t-shirt-essential-fig,2026-10-10
plus351,t-shirts,65,T-SHIRT ESSENTIAL CORAL,https://plus351.pt/products/aw26-t-shirt-essential-coral,2026-10-10
plus351,t-shirts,75,T-SHIRT HEAVYWEIGHT AZURE FLAME,https://plus351.pt/products/aw26-t-shirt-heavyweight-azure-flame,2026-10-10
plus351,t-shirts,75,T-SHIRT STRIPES PETROL/FIG,https://plus351.pt/products/aw26-t-shirt-stripes-petrol-red,2026-10-10
plus351,t-shirts,85,T-SHIRT GRAPHIC ART AZURE FLAME,https://plus351.pt/products/aw26-t-shirt-graphic-art-azure-flame,2026-10-10
portugal-jewels,joias,59,Colar Coração de Viana Rosa em Prata Dourada,https://www.portugaljewels.com/products/colar-coracao-de-viana-rosa-em-prata-dourada,2026-10-10
portugal-jewels,joias,85,Brincos à Rainha Tornilho S em Prata,https://www.portugaljewels.com/products/brincos-a-rainha-tornilho-s-em-prata,2026-10-10
portugal-jewels,joias,89,Anel Ciclo em Prata,https://www.portugaljewels.com/products/anel-ciclo-em-prata,2026-10-10
portugal-jewels,joias,159,Brincos à Rainha L em Prata,https://www.portugaljewels.com/products/brincos-a-rainha-l-em-prata,2026-10-10
portugal-jewels,joias,690,"Brincos Pérola XS em Ouro 19,2Kt",https://www.portugaljewels.com/products/brincos-perola-xs-em-ouro-192kt,2026-10-10
projeto-serra,casacos,120,Worker Jacket das Serras,https://projetoserra.com/products/worker-jacket-das-serras,2026-10-10
projeto-serra,casacos,115,Monchique (regular price; on sale at 80),https://projetoserra.com/products/monchique,2026-10-10
projeto-serra,casacos,95,Blusão do Pastor (regular price; on sale at 68),https://projetoserra.com/products/blusao-do-pastor-1,2026-10-10
projeto-serra,polares,115,Pico (regular price; on sale at 82),https://projetoserra.com/products/pico,2026-10-10
projeto-serra,polares,115,Soajo (regular price; on sale at 82),https://projetoserra.com/products/soajo,2026-10-10
seapath,t-shirts,39.90,Coffee & Nata - Men T-Shirt Washed Black,https://seapathclothing.com/products/coffee-nata-men-t-shirt-washed-black,2026-10-10
seapath,t-shirts,39.90,Coffee & Surf – Men T-Shirt Ivory,https://seapathclothing.com/products/coffee-surf-men-t-shirt-ivory,2026-10-10
seapath,t-shirts,39.90,Riders On The Storm – Men T-Shirt Ivory,https://seapathclothing.com/products/riders-on-the-storm-men-t-shirt-ivory,2026-10-10
seapath,t-shirts,39.90,80's Music Club - Men T-Shirt Sage,https://seapathclothing.com/products/80s-music-club-men-t-shirt-sage,2026-10-10
seapath,t-shirts,34.90,Mareta – Women T-Shirt Green/Yellow,https://seapathclothing.com/products/mareta-women-t-shirt-green-yellow,2026-10-10
sharish-gin,licores,32.40,Sharish Gin Original 700ml,https://sharishgin.pt/produto/sharish-gin-original-700ml/,2026-10-10
sharish-gin,licores,26.30,Sharish Gin Original 500ml,https://sharishgin.pt/produto/sharish-gin-original-500ml/,2026-10-10
sharish-gin,licores,26.30,Sharish Gin Blue 500ml,https://sharishgin.pt/produto/sharish-gin-blue-500ml/,2026-10-10
sharish-gin,licores,32.30,Sharish Gin Distiller's Cut 500ml,https://sharishgin.pt/produto/sharish-gin-distillers-cut-500ml/,2026-10-10
sharish-gin,licores,33.90,Sharish Gin Orange Blossom 2026 500ml,https://sharishgin.pt/produto/sharish-gin-orange-blossom-500ml/,2026-10-10
mazejo,vestidos,139.95,Versatile Draped Dress,https://www.mazejo.com/products/ves002,2026-10-10
mazejo,vestidos,139.95,Draped Rose Dress,https://www.mazejo.com/products/ves001,2026-10-10
mia-mo,vestidos,99,Selfless,https://www.mia-mo.com/produto/vestido-azul-as-riscas-fresquinho-e-versatil/,2026-10-10
mia-mo,vestidos,129,CHARMING,https://www.mia-mo.com/produto/vestido-oversize-lilas/,2026-10-10
mia-mo,vestidos,149,Paris,https://www.mia-mo.com/produto/vestido-paris/,2026-10-10
mia-mo,vestidos,149,AMAZING – Vestido,https://www.mia-mo.com/produto/o-classico-vestido-preto-que-se-desmonta-2/,2026-10-10
mia-mo,vestidos,199,Self-Confidence,https://www.mia-mo.com/produto/self-confidence/,2026-10-10
miristica,sabonetes,5.95,Sabão Artesanal de Cacau e Menta,https://miristica.pt/produto/sabao-artesanal-cacau-menta-vegan/,2026-10-10
miristica,sabonetes,5.95,Sabão Artesanal de Eucalipto e Argila,https://miristica.pt/produto/sabao-artesanal-eucalipto-argila/,2026-10-10
miristica,sabonetes,5.95,Sabão Artesanal de Tangerina e Lima,https://miristica.pt/produto/sabao-artesanal-tangerina-lima/,2026-10-10
miristica,sabonetes,5.95,"Sabão Artesanal de Alecrim, Ginkgo e Urtiga",https://miristica.pt/produto/sabao-artesanal-alecrim-ginkgo-vegan/,2026-10-10
mishmash,agendas,28,26/27 Planner,https://mishmash.pt/shop/2027-planner,2026-10-10
mukishoes,botas,160,Yeti,https://mukishoes.com/product/yeti/,2026-10-10
mukishoes,botas,160,Chelsea Caramel,https://mukishoes.com/product/chelsea-caramel/,2026-10-10
mukishoes,botas,170,Igneous NOVA,https://mukishoes.com/product/igneous-nova/,2026-10-10
mukishoes,botas,180,Serra,https://mukishoes.com/product/serra/,2026-10-10
mukishoes,botas,190,Serra da Estrela,https://mukishoes.com/product/serra-da-estrela/,2026-10-10
nae-vegan,sapatos,155,Sapatos Oxford Vegan para Homem Brody Preto,https://nae-vegan.com/products/brody-sapato-oxford-vegan,2026-10-10
nae-vegan,sapatos,138,Sapatos Derby Vegan para Homem Quinn Preto,https://nae-vegan.com/products/quinn-sapato-vegan-derby,2026-10-10
nae-vegan,sapatos,145,Sapatos Derby Brogue Vegan para Homem Gael Castanho,https://nae-vegan.com/products/gael-castanho-derby-vegano,2026-10-10
nae-vegan,sapatos,128,Mocassins Vegan para Mulher Alessia Preto,https://nae-vegan.com/products/alessia-mocassins-vegan,2026-10-10
nae-vegan,sapatos,125,Sabrinas Vegan para Mulher Claire Preto,https://nae-vegan.com/products/claireblack,2026-10-10
newve,sapatilhas,139.95,Genesis Dune,https://newve.pt/produto/genesis-dune/,2026-10-10
newve,sapatilhas,139.95,Urban Shadow,https://newve.pt/produto/urban-shadow/,2026-10-10
newve,sapatilhas,149.95,Balance Honey,https://newve.pt/produto/balance-honey/,2026-10-10
newve,sapatilhas,159.95,Root Dune,https://newve.pt/produto/root-dune/,2026-10-10
newve,sapatilhas,99.95,Skyline Stone,https://newve.pt/produto/skyline-stone/,2026-10-10
stro,mantas,89.90,Manta Espinhado — Puro Algodão,https://pt.by-stro.com/products/herringbone-throw-blanket-pure-cotton,2026-10-10
stro,mantas,94.90,Manta Sarjado Quebrado — Puro Algodão,https://pt.by-stro.com/products/copy-of-herringbone-throw-blanket-pure-cotton,2026-10-10
stro,mantas,109.90,Manta Riscas — Costa Nova,https://pt.by-stro.com/products/striped-throw-costa-nova,2026-10-10
stro,mantas,149.90,Manta Espinhado — Lã de Cordeiro,https://pt.by-stro.com/products/herringbone-throw-blanket-lambswool,2026-10-10
stro,mantas,169.90,Shepherd Throw - Lobeira Stripes - Pure New Wool,https://pt.by-stro.com/products/shepherd-throw-100-pure-new-wool-1,2026-10-10
tema-creations,vestidos,140,Vestido Caicai com Pinças Flores (regular price; on sale),https://temacreations.pt/products/vestido-caicai-com-pincas-flores,2026-10-10
tema-creations,vestidos,100,Vestido com Folho Rosa (regular price; on sale),https://temacreations.pt/products/vestido-com-folho-rosa,2026-10-10
tema-creations,vestidos,120,Vestido com Laços Riscas Verdes (regular price; on sale),https://temacreations.pt/products/vestido-com-lacos-riscas-verdes,2026-10-10
tema-creations,vestidos,115,Vestido Cruzado Polka Dots (regular price; on sale),https://temacreations.pt/products/vestido-cruzado-polka-dots,2026-10-10
tema-creations,vestidos,160,Vestido Caicai Renda Azul com Faixa (regular price; on sale),https://temacreations.pt/products/vestido-caicai-renda-azul,2026-10-10
thomsonclub,t-shirts,34,The Signature T-shirt Blue Navy,https://thomsonclub.com/products/the-signature-t-shirt-blue-navy-homem,2026-10-10
thomsonclub,t-shirts,34,The Logo Embroidery T-shirt Camel,https://thomsonclub.com/products/the-logo-embroidery-t-shirt-camel-homem,2026-10-10
thomsonclub,t-shirts,39,The Sailboat T-shirt Cream White,https://thomsonclub.com/products/the-sailboat-t-shirt-cream-white-homem,2026-10-10
thomsonclub,t-shirts,39,The Balancing Art T-shirt Cream White,https://thomsonclub.com/products/the-balancing-art-t-shirt-cream-white-homem,2026-10-10
thomsonclub,t-shirts,44,The North Coast T-shirt White,https://thomsonclub.com/products/the-north-coast-t-shirt-white-homem,2026-10-10
travelling-socks,meias,11.90,Nata Bordeaux Socks,https://travelsocks.pt/products/nata-socks,2026-10-10
travelling-socks,meias,11.90,Lemon Socks,https://travelsocks.pt/products/lemon-socks,2026-10-10
travelling-socks,meias,13.90,Sardine - Refreshing Sport Socks,https://travelsocks.pt/products/sardine-refreshing-sport-socks,2026-10-10
travelling-socks,meias,19.90,Nata Compression Socks,https://travelsocks.pt/products/nata-compression-socks,2026-10-10
triipi,almofadas,22,triipi aachen (readme indoor),https://www.triipi.com/product-page/triipi-aachen,2026-10-10
triipi,almofadas,54,triipi BIG cuquedo,https://www.triipi.com/product-page/big-cuquedo,2026-10-10
triipi,almofadas,54,triipi BIG equestre,https://www.triipi.com/product-page/big-equestre,2026-10-10
triipi,almofadas,59.90,triipi BIG cabana (outdoor),https://www.triipi.com/product-page/triipi-big-cabana,2026-10-10
trinca-bio,snacks,9.95,granola cacau e framboesa BIO sem glúten - 400g,https://www.trincabio.com/product/granola-cacau-e-framboesa-bio-sem-gluten-400g,2026-10-10
trinca-bio,snacks,11.15,granola arandos e coco BIO sem glúten - 400g,https://www.trincabio.com/product/granola-arandos-e-coco-bio-sem-gluten-400g,2026-10-10
trinca-bio,snacks,9.85,granola goji e amêndoa BIO sem glúten - 400g,https://www.trincabio.com/product/granola-goji-e-amendoa-bio-sem-gluten-400g,2026-10-10
trinca-bio,snacks,8.40,granola figo e noz BIO sem glúten - 400g,https://www.trincabio.com/product/granola-figo-e-noz-bio-sem-gluten-400g,2026-10-10
trinca-bio,snacks,8.65,"granola maça, passas e especiarias BIO sem glúten - 400g",https://www.trincabio.com/product/granola-maca-passas-e-especiarias-bio-sem-gluten-400g,2026-10-10
type-swimwear,roupa-de-banho,104,Bikini Harmonia in Dive (regular price; on sale),https://www.type.pt/products/bikini-harmonia-in-dive,2026-10-10
type-swimwear,roupa-de-banho,107.50,Bikini Duna in Baby blue (regular price; on sale),https://www.type.pt/products/bikini-duna-in-baby-blue,2026-10-10
type-swimwear,roupa-de-banho,112.50,One Piece Melodia in Dive (regular price; on sale),https://www.type.pt/products/one-piece-melodia-in-dive,2026-10-10
type-swimwear,roupa-de-banho,99,Bikini Marmols in Dive (regular price; on sale),https://www.type.pt/products/bikini-marmols-in-dive,2026-10-10
type-swimwear,roupa-de-banho,104,Bikini Echo In Dive (regular price; on sale),https://www.type.pt/products/bikini-echo-in-dive,2026-10-10
util,estantes,870,Plié Sideboard,https://thisisutil.com/products/plie-sideboard-light-grey,2026-10-10
util,estantes,1235,Plié Sideboard 2 Doors,https://thisisutil.com/products/plie-sideboard-2-doors-beige,2026-10-10
util,estantes,1745,Plié Bookshelf,https://thisisutil.com/products/plie-bookshelf-1,2026-10-10
util,estantes,2100,Plié Bookshelf 2 Doors,https://thisisutil.com/products/plie-bookshelf-2-doors-brushed-aluminium,2026-10-10
util,estantes,2370,Plié Bookshelf 1 Tall Drawer,https://thisisutil.com/products/plie-bookshelf-1-tall-drawer-light-grey,2026-10-10
shirakawa,pantufas,129,Shirakawa Hotel Slippers Red,https://shirakawaliving.com/product/hotel-sleeppers-red/,2026-10-10
shirakawa,pantufas,129,Shirakawa Hotel Slippers Black,https://shirakawaliving.com/product/hotel-sleeppers-black/,2026-10-10
shirakawa,pantufas,129,Surippa Suede Kaki,https://shirakawaliving.com/product/surippa-suede-kaki/,2026-10-10
silampos,panelas,35,Panela com asas Alegro 16,https://www.silampos2.pt/pt/colecoes/panelas/panela-com-asas/alegro/panela-c-asas-16/63c123ce6616090/,2026-10-10
silampos,panelas,41,Panela com asas Comfort 16,https://www.silampos2.pt/pt/colecoes/panelas/panela-com-asas/comfort/panela-c-asas-16/632122ft6616090/,2026-10-10
silampos,panelas,42.5,Panela com asas Comfort Glass 16,https://www.silampos2.pt/pt/colecoes/panelas/panela-com-asas/comfort-glass/panela-c-asas-16/632122wr6616090/,2026-10-10
silampos,panelas,59,Panela com asas Heritage 16,https://www.silampos2.pt/pt/colecoes/panelas/panela-com-asas/heritage/panela-c-asas-16/63212mgo6616090/,2026-10-10
silampos,panelas,35,Panela com asas Intense 16,https://www.silampos2.pt/pt/colecoes/panelas/panela-com-asas/intense/panela-c-asas-16/637122fv6616090/,2026-10-10
sirtile,meias,21,Cubes socks,https://sirtile.com/products/cubes-socks,2026-10-10
sirtile,meias,21,Blue Triangle socks,https://sirtile.com/products/blue-triangle-socks,2026-10-10
sirtile,meias,21,Homero socks,https://sirtile.com/products/homero-socks,2026-10-10
sirtile,meias,21,Stars socks,https://sirtile.com/products/stars-socks,2026-10-10
sirtile,meias,14,Olhão ankle socks,https://sirtile.com/products/olhao-ankle-socks,2026-10-10
snug,roupa-de-crianca,69.9,Fleece dress with flowers,https://www.snug.com.pt/en/dress/fleece-dress-with-flowers_p123365.html,2026-10-10
snug,roupa-de-crianca,44,Delicate floral blouse,https://www.snug.com.pt/en/blouse/delicate-floral-blouse_p124886.html,2026-10-10
snug,roupa-de-crianca,59.9,Ribbed velvet dungarees with heart pocket,https://www.snug.com.pt/en/dunagrees/ribbed-velvet-dungarees-with-heart-pocket_p123762.html,2026-10-10
snug,roupa-de-crianca,59.9,Organic cotton denim pull-up pants with embroidery detail,https://www.snug.com.pt/en/pants/organic-cotton-denim-pull-up-pants-with-embroidery-detail_p124088.html,2026-10-10
snug,roupa-de-crianca,59.9,Double gauze romper with cotton padding,https://www.snug.com.pt/en/suit/double-gauze-romper-with-cotton-padding_p123299.html,2026-10-10
sock-affairs,meias,12,Cactus Socks,https://www.sockaffairs.com/products/cactus-socks,2026-10-10
sock-affairs,meias,12,Vinyl Socks,https://www.sockaffairs.com/products/vinyl-socks,2026-10-10
sock-affairs,meias,12,Van Gogh Self-Portrait Socks,https://www.sockaffairs.com/products/van-gogh-self-portrait-socks-1,2026-10-10
sock-affairs,meias,14,Iron Maiden The Trooper Socks,https://www.sockaffairs.com/products/iron-maiden-the-trooper-socks,2026-10-10
sock-affairs,meias,14,Corto Maltese Socks,https://www.sockaffairs.com/products/corto-maltese-socks,2026-10-10
softwaves,sapatos,230,Missy Sahara,https://www.softwavesshop.com/shoe/winter/shoes-winter/missy-sahara/,2026-10-10
softwaves,sapatos,210,Janila Africa,https://www.softwavesshop.com/shoe/winter/shoes-winter/janila-africa/,2026-10-10
softwaves,sapatos,220,Jamia Bourbon,https://www.softwavesshop.com/shoe/winter/shoes-winter/jamia-bourbon/,2026-10-10
softwaves,sapatos,235,Jaslyn Africa,https://www.softwavesshop.com/shoe/winter/shoes-winter/jaslyn-africa/,2026-10-10
softwaves,sapatos,199.9,Ginger Sand,https://www.softwavesshop.com/shoe/summer/shoes-summer/ginger-sand/,2026-10-10
strelitzia,sapatos,130,Mocassins de pele macia franzidos – Castanho,https://strelitzia.pt/produto/mocassins-de-pele-macia-franzidos-castanho/,2026-10-10
strelitzia,sapatos,145,Sabrinas em ráfia e pele,https://strelitzia.pt/produto/sabrinas-em-rafia-e-pele/,2026-10-10
strelitzia,sapatos,160,Textured Black Mules,https://strelitzia.pt/produto/mule-black/,2026-10-10
strelitzia,sapatos,160,Sapato de Pêlo Preto,https://strelitzia.pt/produto/sapato-de-pelo-preto/,2026-10-10
strelitzia,sapatos,165,Sandálias de salto alto metalizadas,https://strelitzia.pt/produto/sandalias-de-salto-alto-metalizadas/,2026-10-10
zas-tras,pantufas,29.10,Merengue Pie (Mid Season Collection),https://zastrasforbabies.com/produto/merengue-pie/,2026-10-10
zas-tras,pantufas,29.10,Blue Cake Pop,https://zastrasforbabies.com/produto/blue-cake-pop/,2026-10-10
zas-tras,pantufas,29.10,Honey Mustard,https://zastrasforbabies.com/produto/honey-mustard/,2026-10-10
zas-tras,pantufas,29.10,Grey Velvet,https://zastrasforbabies.com/produto/grey-velvet/,2026-10-10
vibae,sapatilhas,295,LONDON Bio Leather Black/Black,https://vibae.com/products/london-black,2026-10-10
vibae,sapatilhas,295,LONDON Bio Leather White/Chalk,https://vibae.com/products/london-bio-leather-white-chalk,2026-10-10
vibae,sapatilhas,295,SYDNEY Bio Suede Forest/Gum,https://vibae.com/products/sydney-bio-suede-forest-gum,2026-10-10
vibae,sapatilhas,295,SYDNEY Bio Suede Black/Gum,https://vibae.com/products/sydney-bio-suede-black-gum,2026-10-10
westmister,meias,16.50,Dachshund Black,https://www.westmister.pt/en/dachshund-black,2026-10-10
westmister,meias,17.50,Elephant Blue,https://www.westmister.pt/en/elephant-blue,2026-10-10
westmister,meias,16.50,English Setter Marine,https://www.westmister.pt/en/english-setter-marine,2026-10-10
westmister,meias,16.00,Bicycles Marine,https://www.westmister.pt/en/bicycles-marine,2026-10-10
westmister,meias,17.50,Camel Grey,https://www.westmister.pt/en/camel-grey,2026-10-10
wewood,mesas,5775,"Amos Dining Table (RRP ex. VAT, from)",https://www.wewood.eu/products/tables/amos,2026-10-10
wewood,mesas,4840,"Nuria Dining Table (RRP ex. VAT, from)",https://www.wewood.eu/products/tables/nuria,2026-10-10
wewood,mesas,4347,"Raia Dining Table (RRP ex. VAT, from)",https://www.wewood.eu/products/tables/raia,2026-10-10
wewood,mesas,4862,"Soma Dining Table (RRP ex. VAT, from)",https://www.wewood.eu/products/tables/soma,2026-10-10
wewood,mesas,4800,"Vasco Dining Table (RRP ex. VAT, from)",https://www.wewood.eu/products/tables/vasco,2026-10-10
zilian,sabrinas,119.90,Sabrinas com decote em V em pele gravada,https://zilian.com/products/sabrinas-com-decote-em-v-em-pele-gravada,2026-10-10
zilian,sabrinas,129.90,Sabrinas em pele com elástico e laço,https://zilian.com/products/sabrina-em-pele-com-elastico,2026-10-10
zilian,sabrinas,129.90,Sabrinas rasas com ponta quadrada em pele metalizada,https://zilian.com/products/sabrinas-rasas-com-ponta-quadrada-em-pele-metalizada,2026-10-10
zilian,sabrinas,129.90,Sabrinas em croute com tachas,https://zilian.com/products/sabrina-em-croute-com-tachas,2026-10-10
zilian,sabrinas,129.90,Sabrinas luva com salto em camurça,https://zilian.com/products/601579,2026-10-10
ana-sousa,vestidos,194.90,Midi dress with metallic detail,https://anasousa.com/en/products/dress_2632_904D3221838_1,2026-10-10
ana-sousa,vestidos,184.90,Dress,https://anasousa.com/en/products/dress_2632_904D3361837_65,2026-10-10
ana-sousa,vestidos,149.90,Dress,https://anasousa.com/en/products/dress_2632_904D3321820_256,2026-10-10
ana-sousa,vestidos,169.90,Dress,https://anasousa.com/en/products/dress_2632_934D3861865_329,2026-10-10
ana-sousa,vestidos,179.90,Dress,https://anasousa.com/en/products/dress_2632_904D3541842_61,2026-10-10
atelier-estorninho,t-shirts,65.00,Steadfast Tee,https://atelierestorninho.com/products/steadfast-tee,2026-10-10
atelier-estorninho,t-shirts,67.00,Premium Tee,https://atelierestorninho.com/products/premium-tee,2026-10-10
atelier-estorninho,t-shirts,38.00,Standard Issue Heather T-Shirt (origin not stated),https://atelierestorninho.com/products/granulado-heather-short-sleeve-t-shirt,2026-10-10
castelbel,sabonetes,8.50,Sabonete Lavanda 150g,https://castelbel.com/products/sabonete-lavanda-150g,2026-10-10
castelbel,sabonetes,9.90,Sabonete Butterflies 150g (Portus Cale),https://castelbel.com/products/sabonete-butterflies-150g,2026-10-10
castelbel,sabonetes,9.90,Sabonete Ruby Red 150g (Portus Cale),https://castelbel.com/products/sabonete-ruby-red-150g,2026-10-10
castelbel,sabonetes,11.00,Sabonete Green Sencha 200g (Tiles),https://castelbel.com/products/sabonete-green-sencha-200g,2026-10-10
castelbel,sabonetes,12.00,Sabonete Sal Marinho e Toranja 150g,https://castelbel.com/products/sabonete-sal-marinho-e-toranja-150g,2026-10-10
coup-the-label,t-shirts,63,Classic T-Shirt,https://coupthelabel.com/products/classic-t-shirt-white,2026-10-10
coup-the-label,t-shirts,63,Pocket T-Shirt,https://coupthelabel.com/products/pocket-washed-t-shirt-black,2026-10-10
coup-the-label,t-shirts,51,Logo Tee,https://coupthelabel.com/products/logo-tee-black,2026-10-10
coup-the-label,t-shirts,75,Sunkissed T-Shirt,https://coupthelabel.com/products/sunkissed-white-t-shirt,2026-10-10
coup-the-label,t-shirts,60,Fruit Market T-Shirt,https://coupthelabel.com/products/fruit-market-regular-t-shirt,2026-10-10
guaja,camisolas,95,Emma Classic Crewneck Knit Sweater - Anthracite,https://guajastudio.com/products/emma-classic-crew-neck-knit-sweater-anthracite,2026-10-10
guaja,camisolas,95,Stone Relaxed Sweater - Off-White,https://guajastudio.com/products/stone-relaxed-sweater-off-white,2026-10-10
guaja,camisolas,90,Legacy Polo Sweater - Navy,https://guajastudio.com/products/legacy-polo-sweater-navy,2026-10-10
guaja,camisolas,90,2nd Skin Knitted Mid-Neck Sweater - Black,https://guajastudio.com/products/2nd-skin-knitted-mid-neck-sweater-black,2026-10-10
guaja,camisolas,155,Emily Merino Wool Cardigan - Grey,https://guajastudio.com/products/emily-merino-wool-cardigan-grey,2026-10-10
isto,t-shirts,40,Classic T-Shirt,https://isto.pt/products/classic-tshirt-burgundy,2026-10-10
isto,t-shirts,40,Classic T-Shirt Mineral Dye,https://isto.pt/products/classic-tshirt-mineral-dye-light-blue,2026-10-10
isto,t-shirts,55,Heavyweight T-Shirt,https://isto.pt/products/heavyweight-tshirt-red,2026-10-10
isto,t-shirts,55,Heavyweight T-Shirt Fig Patch,https://isto.pt/products/heavyweight-tshirt-fig-patch-white,2026-10-10
isto,t-shirts,70,Merino Wool T-Shirt,https://isto.pt/products/merino-wool-tshirt-charcoal,2026-10-10
its-okay,camisolas,67.90,CREW - BORDEAUX,https://www.itsokaystore.com/products/its-okay-crew-bordeaux,2026-10-10
its-okay,camisolas,67.90,CREW - BLUE,https://www.itsokaystore.com/products/its-okay-crew-blue,2026-10-10
its-okay,camisolas,67.90,CULTIVATE CREW,https://www.itsokaystore.com/products/cultivate-crew,2026-10-10
its-okay,camisolas,95,WAFFLE HOODIE - GREEN,https://www.itsokaystore.com/products/organic-waffle-hoodie-green,2026-10-10
mdc,gravatas,25,Navy Blue Knit Tie,https://mdcstore.pt/products/preppy-striped-burgundy-knit-tie-copy,2026-10-10
mdc,gravatas,39,Linen Navy,https://mdcstore.pt/products/linen-blue-copy,2026-10-10
mdc,gravatas,39,Slim Striped Cotton Tie – Blue & White,https://mdcstore.pt/products/slim-striped-cotton-tie,2026-10-10
mdc,gravatas,65,Regimental (grey and blue),https://mdcstore.pt/products/preppy-with-crest-blue-copy,2026-10-10
mdc,gravatas,65,Preppy Regimental Tie – Navy Blue and Gold,https://mdcstore.pt/products/preppy-regimental-tie-navy-blue-and-gold,2026-10-10
naz,camisolas,139,Agnes Navy Sweater,https://naz.pt/products/women-sweater-wool-navy-blue,2026-10-10
naz,camisolas,99,Claudia Mocha Cotton Crewneck,https://naz.pt/products/claudia-mocha-cotton-crewneck,2026-10-10
naz,camisolas,89,Sofie Beige Cotton Sweater,https://naz.pt/products/woman-beige-cotton-sweater,2026-10-10
naz,camisolas,99,Sofie Orange Linen Sweater,https://naz.pt/products/orange-linen-organic-cotton-sweater,2026-10-10
naz,camisolas,149,Claudia Alpaca Long Crewneck,https://naz.pt/products/women-jumper-alpaca-brown,2026-10-10
portuguese-flannel,camisas,125,Teca - Grey,https://www.portugueseflannel.com/products/teca-grey-6,2026-10-10
portuguese-flannel,camisas,137,Pantine,https://www.portugueseflannel.com/products/pantine,2026-10-10
portuguese-flannel,camisas,137,Harbor,https://www.portugueseflannel.com/products/harbor,2026-10-10
portuguese-flannel,camisas,130,Montebelo Tartan,https://www.portugueseflannel.com/products/montebelo-tartan,2026-10-10
portuguese-flannel,camisas,125,Belavista Stripe - Blue,https://www.portugueseflannel.com/products/belavista-stripe-blue-9,2026-10-10
sanjo,sapatilhas,99,Sanjo K100 Bombazine // Sand,https://sanjo.pt/products/sanjo-k100-bombazine-sand,2026-10-10
sanjo,sapatilhas,94,Sanjo K200 Bombazine // Sand,https://sanjo.pt/products/sanjo-k200-bombazine-sand,2026-10-10
sanjo,sapatilhas,109,Sanjo K100 Cordura // Cedar,https://sanjo.pt/products/sanjo-k100-cordura-cedar,2026-10-10
sanjo,sapatilhas,119,Sanjo FTC 86 Neo Classic // Oak,https://sanjo.pt/products/sanjo-ftc-86-neo-classic-oak,2026-10-10
sanjo,sapatilhas,159,Sanjo BSK33 Classic Revival // Off-White Wine,https://sanjo.pt/products/sanjo-bsk33-classic-revival-roff-white-wine,2026-10-10
tatara-razors,maquinas-de-barbear,174,Masamune Razor (stainless steel),https://store.tatararazors.com/product/masamune/,2026-10-10
tatara-razors,maquinas-de-barbear,174,Masamune Nodachi Razor (stainless steel),https://store.tatararazors.com/product/masamune-nodachi/,2026-10-10
tatara-razors,maquinas-de-barbear,239,Amakuni Razor (stainless steel),https://store.tatararazors.com/product/amakuni-razor/,2026-10-10
tatara-razors,maquinas-de-barbear,359,Muramasa Adjustable Razor,https://store.tatararazors.com/product/muramasa-adjustable-razor/,2026-10-10
