name,website,hint,category_hint,price_hint,source,status
Fioagua,https://fioagua.com/shop/,T-shirts,moda-e-vestuario,,sheet,no-claim-found
Megaphone,https://www.megaphone.pt/,Roupa e objetos personalizados,moda-e-vestuario,,sheet+reddit,no-claim-found
Rulys,https://rulys.pt/pt/,,moda-e-vestuario,,sheet+reddit,no-claim-found
Armazém das Malhas,https://armazemdasmalhas.com/,"Malhas, camisolas, casacos; lojas em Lisboa; produção nacional segundo comentários",moda-e-vestuario,2,sheet+reddit,added
Balaio,https://www.instagram.com/balaio.studio/,Encomendas só por Instagram,moda-e-vestuario,2,sheet+reddit,no-website
Gutierrez,https://gutierrez.pt/,,moda-e-vestuario,2,sheet+reddit,no-claim-found
Imago,https://imagoportugal.com/,Roupa masculina,moda-e-vestuario,2,sheet+reddit,no-claim-found
Ispari,https://ispari.pt/,Roupa feminina,moda-e-vestuario,2,sheet+reddit,added
It's Okay,https://www.itsokaystore.com,"Camisolas, t-shirts",moda-e-vestuario,2,sheet,no-claim-found
Ivory Therapy,https://jacarandaboutique.com/,Uma peça = uma consulta de psicologia,moda-e-vestuario,2,sheet+reddit,no-claim-found
Judite,https://judite.pt/,,moda-e-vestuario,2,sheet+reddit,no-claim-found
Regie,https://www.instagram.com/regiecollection/,Encomendas só por Instagram,moda-e-vestuario,2,sheet+reddit,no-website
Rust & May,https://rustandmay.com/pt,,moda-e-vestuario,2,sheet+reddit,no-claim-found
Saju,https://sajubrand.com/,,moda-e-vestuario,2,sheet+reddit,no-claim-found
Survive,https://wearitandsurvive.com/,Streetwear,moda-e-vestuario,2,sheet+reddit,no-claim-found
Tema Creations,https://temacreations.pt/,Roupa de festa,moda-e-vestuario,2,sheet+reddit,added
WATC Studio,https://watc-studio.com,Algodão orgânico sem logos,moda-e-vestuario,2,sheet,added
Blancdate,https://store.blancdate.pt/,Roupa feminina minimalista,moda-e-vestuario,3,sheet+reddit,no-claim-found
Coup D'État,https://coupthelabel.com/pt-pt,,moda-e-vestuario,3,sheet+reddit,added
Guaja,https://guajastudio.com/,Roupa feminina,moda-e-vestuario,3,sheet+reddit,added
Hirundo,https://hirundo.pt,"T-shirts, meias, sneakers",moda-e-vestuario,3,sheet+reddit,added
La Paz,https://lapaz.pt,Roupa masculina,moda-e-vestuario,3,sheet+reddit,added
Ana Sousa,https://anasousa.com/pt/home,Roupa feminina,moda-e-vestuario,3,sheet+reddit,added
Conscious The Label,https://consciousthelabel.com/,,moda-e-vestuario,3,sheet+reddit,no-claim-found
Ementa SB,https://ementasb.com/,Skatewear,moda-e-vestuario,3,sheet+reddit,no-claim-found
Favorite People,https://www.favoritepeoplestore.com/,Jardineiras; também criança,moda-e-vestuario,3,sheet+reddit,added
Fluyt,https://www.fluyt.pt,Roupa masculina,moda-e-vestuario,3,sheet+reddit,added
ISTO,https://isto.pt/,"Roupa masculina e feminina, transparência de custos",moda-e-vestuario,3,sheet+reddit,added
Mazejo,https://www.mazejo.com/,Roupa feminina,moda-e-vestuario,3,sheet+reddit,added
Olivian,https://olivian.pt/,,moda-e-vestuario,3,sheet+reddit,no-claim-found
Paparina,https://www.paparina.com/,Pijamas e bikinis,moda-e-vestuario,3,sheet+reddit,no-claim-found
Portuguese Flannel,https://www.portugueseflannel.com/,"Camisas, casacos",moda-e-vestuario,3,sheet+reddit,added
Sienna,https://www.siennainspo.com/,Roupa de festa,moda-e-vestuario,3,sheet+reddit,no-claim-found
Siz,https://www.siz-online.com/,,moda-e-vestuario,3,sheet+reddit,added
8000Kicks,https://www.8000kicks.com/,Cânhamo; comentário no Reddit diz produção movida para a China,calcado,,sheet+reddit,rejected
Atelier Estorninho,https://atelierestorninho.com/,,moda-e-vestuario,,sheet+reddit,added
Desculpa Babe,https://desculpababe.pt/,,moda-e-vestuario,,sheet+reddit,added
Ecolã,https://ecolaportugal.com/,"Lã, mantas, mochilas; Serra da Estrela",texteis-lar,,sheet+reddit,added
Ferrache,https://www.ferrache.com/pt/,Roupa feminina,moda-e-vestuario,,sheet+reddit,added
Koati,https://koati.pt/,Roupa masculina,moda-e-vestuario,,sheet+reddit,added
Labrador,https://labrador.pt/,Roupa masculina formal,moda-e-vestuario,,sheet+reddit,added
Light Years Away,https://lyasportswear.com/,Roupa desportiva feminina,desporto-e-outdoor,,sheet,no-claim-found
Lobo Apparel,https://loboapparel.pt/,Calçado e vestuário,moda-e-vestuario,,sheet+reddit,added
Mahrla,https://mahrla.pt/,"Roupa feminina, zona do Porto",moda-e-vestuario,,sheet+reddit,no-claim-found
Mike Davis,https://mikedavis.pt/,,moda-e-vestuario,,sheet+reddit,no-claim-found
Molde Creations,https://www.moldecreations.com/,,moda-e-vestuario,,sheet,no-claim-found
Näz,https://naz.pt/,"Roupa feminina, linho, malhas",moda-e-vestuario,,sheet+reddit,added
Olivia Jeans,https://oliviajeanslisbon.com/,Denim,moda-e-vestuario,,sheet,added
Otherwise,https://www.otherwise.shop/pt,,moda-e-vestuario,,sheet,no-claim-found
Pastel Apparel,https://www.pastel-apparel.com/,Meias e t-shirts de algodão orgânico,moda-e-vestuario,,sheet+reddit,no-claim-found
Plus351,https://plus351.pt/,Roupa minimalista,moda-e-vestuario,,sheet+reddit,added
Projeto Serra,https://projetoserra.com/,"Polares, outerwear",desporto-e-outdoor,,sheet+reddit,added
Quebramar,https://www.quebramar.com/pt/,Produção nacional não confirmada,moda-e-vestuario,,sheet+reddit,rejected
Sacoor,https://www.sacoorbrothers.com/pt/,Sheet nota: consultar etiqueta para ver origem,moda-e-vestuario,,sheet+reddit,rejected
Sapataria do Carmo,https://sapatariadocarmo.com/,Calçado clássico,calcado,,sheet+reddit,added
Seapath,https://seapathclothing.com/,,moda-e-vestuario,,sheet,added
Stró,https://pt.by-stro.com/,"Chapéus, mantas, boinas",acessorios,,sheet,added
Suits Inc.,https://www.suitsinc.com/pt/,Alfaiataria,moda-e-vestuario,,sheet,no-claim-found
Thomsonclub,https://thomsonclub.com/,,moda-e-vestuario,,sheet+reddit,added
Throttleman,https://www.throttleman.com/,,moda-e-vestuario,,sheet+reddit,no-claim-found
To Work For,https://www.toworkfor.pt/pt,Calçado e vestuário de trabalho,calcado,,sheet+reddit,no-claim-found
Trouxa Mocha,https://www.trouxamocha.com/,,moda-e-vestuario,,sheet+reddit,no-claim-found
Amore By Dulce,https://amorebydulce.com/,Papelaria para eventos,papelaria-e-livros,,sheet,no-claim-found
Inusitado,https://www.inusitado.pt/,Papelaria,papelaria-e-livros,,sheet,added
Mishmash,https://mishmash.pt,Cadernos,papelaria-e-livros,,sheet,added
Viarco,https://www.viarco.pt/,"Única fábrica de lápis em Portugal, S. João da Madeira",papelaria-e-livros,,sheet+reddit,added
Sanjo,https://sanjo.pt/,"Sapatilhas, fabricadas em Felgueiras",calcado,,reddit,added
Barebound,https://www.barebound.pt/pt,Calçado barefoot,calcado,,reddit,no-claim-found
Fly London,https://shop-eu.flylondon.com/,Calçado urbano,calcado,,reddit,added
ASPORTUGUESAS,https://asportuguesas.shoes/,Chinelos com sola de cortiça,calcado,,reddit,added
Cubanas,https://cubanas-shoes.com/,Calçado feminino,calcado,,reddit,added
Beeq,https://beeq.pt/,Bicicletas elétricas,tecnologia,,reddit,added
Dhika,https://www.dhika.pt/,Roupa de design português,moda-e-vestuario,,reddit,no-claim-found
Architoys,https://architoys.pt/,Jogos e puzzles de arquitetura,papelaria-e-livros,,reddit,no-claim-found
Adico,https://www.adico.pt/,"Mobiliário metálico, cadeiras de esplanada",mobiliario,,reddit,added
Ambitious,https://ambitious.pt/,Calçado,calcado,,reddit,added
Beppi,https://beppi.pt/,Calçado,calcado,,reddit,no-claim-found
ESC,https://esc-shoes.com/,Calçado,calcado,,reddit,no-claim-found
Friendly Fire,https://friendlyfire.pt/,Roupa,moda-e-vestuario,,reddit,no-claim-found
Newve,https://newve.pt/,Calçado/roupa,calcado,,reddit,added
NoBrand,https://nobrand.pt/,Calçado,calcado,,reddit,no-claim-found
Shoevenir,https://shoevenir.com/,Calçado,calcado,,reddit,added
Zouri,https://zouri-shoes.com/,Calçado vegan com plástico do mar,calcado,,reddit,added
Lemon Jelly,https://lemonjelly.com/,Calçado,calcado,,reddit,no-claim-found
Mukishoes,https://mukishoes.com/,Calçado barefoot,calcado,,reddit,added
Camport,https://camport.pt/,Calçado,calcado,,reddit,added
Tapadas,https://tapadas.pt/,Calçado clássico de homem,calcado,,reddit,no-claim-found
Rokynori,https://rokynori.com/,"Calçado cosido, Felgueiras",calcado,,reddit,no-claim-found
Citadin,https://citadinshoes.com/,Calçado clássico de homem,calcado,,reddit,added
Jak,https://jak-shoes.com/,Sapatilhas,calcado,,reddit,no-claim-found
Centenário,https://centenario.pt/,Calçado clássico,calcado,,reddit,no-claim-found
Carlos Santos,https://carlossantosshoes.com/,Já na base de dados,calcado,,reddit,added
Diverge,https://divergesneakers.com/,Sapatilhas personalizadas,calcado,,reddit,added
NAE Vegan,https://nae-vegan.com/,Calçado e acessórios vegan,calcado,,reddit,added
Foot Zero,https://footzero.pt/,Calçado barefoot,calcado,,reddit,no-claim-found
Chulé Socks,https://chule.pt/,Meias,moda-e-vestuario,,reddit,added
Futah,https://futah.com/,Toalhas de praia,texteis-lar,,reddit,no-claim-found
Kukka,https://kukka.pt/,,moda-e-vestuario,,reddit,added
Heeltread,https://heeltread.com/,Meias com gráficos,moda-e-vestuario,,reddit,added
Pedemeia,https://pedemeia.pt/,Meias,moda-e-vestuario,,reddit,added
Ameias,https://ameias.pt/,Meias,moda-e-vestuario,,reddit,no-claim-found
Travelling Socks,https://www.travellingsocks.com/,Meias,moda-e-vestuario,,reddit,added
Collady,https://collady.com/,Meias,moda-e-vestuario,,reddit,added
The Captain Socks,https://www.thecaptainsocks.com/pt,Meias,moda-e-vestuario,,reddit,added
Westmister,https://www.westmister.pt/pt/,Meias,moda-e-vestuario,,reddit,added
Volta Lisbon,https://voltalisbon.com/,Meias,moda-e-vestuario,,reddit,no-claim-found
Smuth,https://www.smuthbrand.com/,Meias,moda-e-vestuario,,reddit,no-claim-found
Something Else,https://somethingelse.pt/,Meias,moda-e-vestuario,,reddit,rejected
Sock Affairs,https://www.sockaffairs.com/pt,Meias,moda-e-vestuario,,reddit,added
Sirtile,https://sirtile.com/,Meias,moda-e-vestuario,,reddit,added
No Seams,https://noseams.pt/,Boxers,moda-e-vestuario,,reddit,no-claim-found
Castelbel,https://castelbel.com/,"Velas e sabonetes, Porto",cosmetica-e-higiene,,reddit,added
Confiança,https://confianca1894.com/,"Saboaria desde 1894, Braga",cosmetica-e-higiene,,reddit,added
Soft&Co,https://softandco.pt/,Cremes e produtos de corpo,cosmetica-e-higiene,,reddit,no-claim-found
Singular Leather,https://www.singularleather.com/,Carteiras e porta-cartões,acessorios,,reddit,added
Refleczo,https://refleczo.com/,Óculos de sol,acessorios,,reddit,no-claim-found
Bluebird,https://bluebird.pt/,Joias e relógios,joalharia,,reddit,no-claim-found
MDC,https://www.mdcstore.pt/,Acessórios de homem,acessorios,,reddit,added
Hali Studio,https://hali-studio.pt/,,moda-e-vestuario,,reddit,added
Cinnus,https://cinnus.pt/,Camisolas,moda-e-vestuario,,reddit,no-claim-found
Lavoro,https://lavoro.pt/,Calçado de trabalho,calcado,,reddit,no-claim-found
Alital,https://alital.pt/,Cadeiras de escritório,mobiliario,,reddit,no-claim-found
Meireles,https://www.meireles.pt/,Eletrodomésticos,tecnologia,,reddit,no-claim-found
Dielmar,https://dielmar.pt/,"Alfaiataria, Alcains",moda-e-vestuario,,reddit,no-claim-found
Play Up,https://playup.pt/,Roupa de criança,bebe-e-crianca,,reddit,no-claim-found
Laranjinha,https://laranjinha.pt/,Roupa de criança,bebe-e-crianca,,reddit,no-claim-found
Wedoble,https://wedoble.com/,Roupa de bebé,bebe-e-crianca,,reddit,no-claim-found
Wolf & Rita,https://wolfandrita.com/,Roupa de criança,bebe-e-crianca,,reddit,added
Casa das Peles,https://www.casadaspeles.pt/,Peles e cabedal,acessorios,,reddit,no-claim-found
Americo Tavar,https://americotavar.com/,Roupa,moda-e-vestuario,,reddit,no-claim-found
Nuwa,https://www.nuwastore.com/pt/,Roupa,moda-e-vestuario,,reddit,no-claim-found
Indagatio,https://indagatiostore.com/,Camisas,moda-e-vestuario,,reddit,no-claim-found
THClothes,https://thclothes.com/pt/,Roupa de cânhamo (empresa Biscana),moda-e-vestuario,,reddit,added
Toranja,https://toranja.pt/,Roupa,moda-e-vestuario,,reddit,no-claim-found
Pythagoras,https://pythagoras.pt/,Jogos de tabuleiro,papelaria-e-livros,,reddit,no-claim-found
Strets,https://strets.pt/,Roupa,moda-e-vestuario,,reddit,no-claim-found
Ozean,https://ozean.pt/,Roupa,moda-e-vestuario,,reddit,no-claim-found
Esmér,https://esmer.pt/,Roupa,moda-e-vestuario,,reddit,no-claim-found
+351,https://plus351.pt/,Possível duplicado de Plus351,moda-e-vestuario,,reddit,no-claim-found
DCK,https://dck.pt/,Calções de banho,moda-e-vestuario,,reddit,rejected
isa4you,https://isa4you.com/,Pijamas e roupa interior,moda-e-vestuario,,reddit,no-claim-found
Famo,https://famo.pt/,Material de escritório,papelaria-e-livros,,reddit,added
Algori,https://algori.pt/,Produção por confirmar,moda-e-vestuario,,reddit,no-claim-found
Gandaia,https://gandaia.pt/,Produção por confirmar,moda-e-vestuario,,reddit,added
Benedita Formosinho,https://beneditaformosinho.com/,Roupa feminina,moda-e-vestuario,,reddit,added
Wearefamm,https://wearefamm.com/,Roupa casual,moda-e-vestuario,,reddit,no-claim-found
Puranna,https://puranna.pt/,Roupa de casa,texteis-lar,,reddit,no-claim-found
Lanidor,https://www.lanidor.com/,Só a gama Black Label é feita em Portugal,moda-e-vestuario,,reddit,rejected
Zilian,https://zilian.com/,Produção por confirmar,calcado,,reddit,added
Freakloset,https://freakloset.com/,Calçado,calcado,,reddit,no-claim-found
Supergel,,Marca referida sem site,,,reddit,no-website
Daily Day,,Marca referida sem site,moda-e-vestuario,,reddit,no-website
Mau Feitio,,Marca referida sem site,moda-e-vestuario,,sheet,no-website
Jacarandá,,Marca referida sem site próprio,moda-e-vestuario,2,sheet,no-website
Arquiteta de Fios,https://instagram.com/arquitetadefios,"Crochê artesanal, só Instagram",acessorios,,sheet,no-website
Filicatus Co,https://filicatusco.etsy.com/,"T-shirts, só Etsy",moda-e-vestuario,,sheet,no-website
LongwaVe,https://www.instagram.com/longwave_pt/,Encomendas só por Instagram,moda-e-vestuario,,sheet+reddit,no-website
Carimbo Concept,https://www.instagram.com/carimboconcept/,Só Instagram,moda-e-vestuario,,reddit,no-website
Mues,https://www.instagram.com/muesofficial/,Só Instagram,moda-e-vestuario,,reddit,no-website
Almande,https://almande.com/,Roupa,moda-e-vestuario,,reddit,added
Urbrand,https://urbrandonline.com/,Roupa,moda-e-vestuario,,reddit,added
Icel,https://www.icel.pt/,Facas e cutelaria,casa-e-decoracao,,reddit-bifl,added
Silampos,https://www.silampos.pt/,Panelas e tachos de inox,casa-e-decoracao,,reddit-bifl,added
Costa Nova,https://costanova.pt/,Loiça de mesa,ceramica-e-vidro,,reddit-bifl,added
Costa Verde,https://costa-verde.com/,Porcelana de mesa,ceramica-e-vidro,,reddit-bifl,added
Monte Campo,https://www.montecampo.pt/,Mochilas; comentário diz que pode já não ser feita em PT,desporto-e-outdoor,,reddit-bifl,rejected
Tensai,https://www.tensai.pt/,Eletrodomésticos,tecnologia,,reddit-bifl,added
Artame,https://artame.pt/,Loiça,ceramica-e-vidro,,reddit-bifl,added
Torres Novas,https://www.torresnovas.com/,Toalhas e têxteis-lar,texteis-lar,,reddit-bifl,added
Abyss & Habidecor,https://www.abyssandhabidecor.com/,"Toalhas de gama alta, outlet em Viseu",texteis-lar,,reddit-bifl,no-claim-found
Herdmar,https://www.herdmar.com/,"Talheres, zona das Caldas das Taipas",casa-e-decoracao,,reddit-bifl,added
Dalper,https://www.dalper.pt/,Talheres,casa-e-decoracao,,reddit-bifl,added
SICO,https://www.sico.pt/,Facas,casa-e-decoracao,,reddit-bifl,no-claim-found
Ivo Cutelarias,https://www.ivocutelarias.com/,Facas,casa-e-decoracao,,reddit-bifl,added
Semogue,https://semogue.com/,Pincéis de barba,cosmetica-e-higiene,,reddit-bifl,added
Tatara Razors,https://tatararazors.com/,Máquinas de barbear,cosmetica-e-higiene,,reddit-bifl,added
Olaio,https://www.olaio.pt/,Mobiliário,mobiliario,,reddit-bifl,added
Old Mulla,https://oldmulla.com/,Botas artesanais,calcado,,reddit-bifl,added
Duffy,https://duffy.pt/,Casacos,moda-e-vestuario,,reddit-bifl,no-claim-found
Gardunha,https://gardunha.pt/,Mochilas,desporto-e-outdoor,,reddit-bifl,no-claim-found
Milena Sapataria,,"Botas artesanais, Vila Viçosa; sem site conhecido",calcado,,reddit-bifl,no-website
Mário Grilo,,"Botas artesanais, Cuba (Alentejo); sem site conhecido",calcado,,reddit-bifl,no-website
