slug,date,mode,verdict
bamandboo,2026-10-09,full,contradicts
bat-eye,2026-10-09,full,strong
dam,2026-10-09,full,strong
dr-kid,2026-10-09,full,strong
helena-mar,2026-10-09,full,strong
lachoix,2026-10-09,full,strong
marita-moreno,2026-10-09,full,strong
musa-natural-cosmetics,2026-10-09,full,strong
nyos,2026-10-09,full,weak
pinknounou,2026-10-09,full,strong
portdance,2026-10-09,full,strong
rutz,2026-10-09,full,weak
sugo-cork-rugs,2026-10-09,full,strong
vaddia,2026-10-09,full,weak
victoria-handmade,2026-10-09,full,strong
jewellery-bymz,2026-10-09,full,weak
jj-heitor,2026-10-09,full,strong
kankura,2026-10-09,full,strong
kitess,2026-10-09,full,strong
kukka,2026-10-09,full,strong
la-paz,2026-10-09,full,strong
labrador,2026-10-09,full,weak
lambda,2026-10-09,full,strong
casa-cubista,2026-10-09,full,weak
casta,2026-10-09,full,weak
cavemen,2026-10-09,full,weak
centenario-1941,2026-10-09,full,strong
ceu-azul,2026-10-09,full,weak
chule,2026-10-09,full,strong
cinco,2026-10-09,full,strong
cluoh,2026-10-09,full,strong
wetheknot,2026-10-09,full,strong
almande,2026-10-09,full,weak
campobello,2026-10-09,full,weak
gandaia,2026-10-09,full,strong
naturapura,2026-10-09,full,weak
piupiuchick,2026-10-09,full,weak
thclothes,2026-10-09,full,contradicts
a-line,2026-10-09,full,strong
beeq,2026-10-09,full,strong
bennie,2026-10-09,full,strong
biobarra,2026-10-09,full,weak
blue-avenue,2026-10-09,full,nothing-new
broolls,2026-10-09,full,strong
camport,2026-10-09,full,weak
cantaloupe-studio,2026-10-09,full,weak
cante,2026-10-09,full,weak
a-risca,2026-10-09,full,strong
alameda-turquesa,2026-10-09,full,strong
amalia-home-collection,2026-10-09,full,strong
antarte,2026-10-09,full,strong
apple-of-eden,2026-10-09,full,weak
armazem-das-malhas,2026-10-09,full,strong
baby-gi,2026-10-09,full,strong
bean-baby-clothes,2026-10-09,full,strong
