name,website,hint,category_hint,price_hint,district_hint,source,status
a.li.ás,https://alias-brand.com/,,calcado,,,portugueseshoes.pt,no-claim-found
Algori,https://www.algorishoes.com,site unreachable or not found,calcado,,,portugueseshoes.pt,no-website
Allma,,site unreachable or not found,acessorios,,,portugueseshoes.pt,no-website
Ambitious,https://www.ambitious-brand.com/pt/,draft: data/brands/ambitious.yaml,calcado,,,portugueseshoes.pt,added
Apple Of Eden,https://www.appleofedenshoes.com/,draft: data/brands/apple-of-eden.yaml,calcado,,,portugueseshoes.pt,added
ARCO,http://www.arcoactive.com,,calcado,,,portugueseshoes.pt,no-claim-found
Arcopedico,http://www.arcopedico.com,"manufacturer (ROPAR, Vila do Conde) but no sentence ties production to Portugal",calcado,,,portugueseshoes.pt,held
Asportuguesas,http://asportuguesas.shoes/,already in data/brands,calcado,,,portugueseshoes.pt,duplicate
Atelier Ortopédico,http://www.atelierortopedico.eu,"B2B manufacturer, no consumer brand",calcado,,,portugueseshoes.pt,rejected
Atrai,http://www.atraigroup.com,,calcado,,,portugueseshoes.pt,no-claim-found
Baremotion,https://www.baremotionbrand.com/,"mentions ""our factory"" without a place",calcado,,,portugueseshoes.pt,held
Be-Mood,http://www.be-mood.com,,calcado,,,portugueseshoes.pt,no-claim-found
Belcinto,http://belcinto.com,private-label leather goods manufacturer,acessorios,,,portugueseshoes.pt,rejected
Belvida,,site unreachable or not found,calcado,,,portugueseshoes.pt,no-website
Beppi,http://www.beppi-retail.com,also a Reddit lead; still no claim on second pass,calcado,,,portugueseshoes.pt,no-claim-found
Brist,https://www.facobill.com/brist,professional footwear line of manufacturer Facobil (Felgueiras); check if sold to consumers,calcado,,,portugueseshoes.pt,held
C.O.M. - Creation of Minds,http://www.carite.pt,stitching services for other factories,calcado,,,portugueseshoes.pt,rejected
Campobello,https://b2b.campobelloshoes.com/,draft: data/brands/campobello.yaml,calcado,,,portugueseshoes.pt,added
Carlos Santos,http://www.santosshoes.com,already in data/brands,calcado,,,portugueseshoes.pt,duplicate
Casta,https://casta.pt/,draft: data/brands/casta.yaml,calcado,,,portugueseshoes.pt,added
Cavalinho,http://www.cavalinho.pt,draft: data/brands/cavalinho.yaml,acessorios,,,portugueseshoes.pt,added
Centenário,http://centenario.shoes,same company as Centenário 1941,calcado,,,portugueseshoes.pt,held
Cloud,http://www.cloud-footwear.com,site unreachable or not found,calcado,,,portugueseshoes.pt,no-website
Cohibas,http://www.glamourcountry.pt,private-label footwear manufacturer (Glamour Country),calcado,,,portugueseshoes.pt,rejected
Coral,,site unreachable or not found,calcado,,,portugueseshoes.pt,no-website
Creator,http://www.creatorshoes.com,draft: data/brands/creator.yaml,calcado,,,portugueseshoes.pt,added
Cruz De Pedra,https://www.cruzdepedrashoes.com/en/,,calcado,,,portugueseshoes.pt,no-claim-found
Dark Collection,http://darkcollection.pt/,,calcado,,,portugueseshoes.pt,no-claim-found
Dikamar®,http://www.dikamar.com,draft: data/brands/dikamar.yaml,calcado,,,portugueseshoes.pt,added
DiVERGE,http://www.diverge-sneakers.com/,already in data/brands,calcado,,,portugueseshoes.pt,duplicate
Eject Shoes,https://ejectshoes.com/,draft: data/brands/eject.yaml,calcado,,,portugueseshoes.pt,added
Elite Shoes,http://www.eliteshoes.pt,"""produzimos desde 1903"" without a place",calcado,,,portugueseshoes.pt,held
Erium,https://www.erium.pt/,,acessorios,,,portugueseshoes.pt,no-claim-found
Ernest W. Baker,https://www.ernest-w-baker.com/,,calcado,,,portugueseshoes.pt,no-claim-found
ESC,https://www.esc---store.com,also a Reddit lead; still no claim on second pass,calcado,,,portugueseshoes.pt,no-claim-found
EXÉ,https://exe.pt/,,calcado,,,portugueseshoes.pt,no-claim-found
Felmini,https://felmini.com/pt/,only a customer testimonial names the Felgueiras factory,calcado,,,portugueseshoes.pt,held
Fenacci,http://www.ladrical.pt,,calcado,,,portugueseshoes.pt,no-claim-found
Fly London,http://www.flylondon.com,already in data/brands,calcado,,,portugueseshoes.pt,duplicate
Get the Balance,https://gtbalance.com/,draft: data/brands/get-the-balance.yaml,calcado,,,portugueseshoes.pt,added
Gladz,http://www.gladz.pt,,calcado,,,portugueseshoes.pt,no-claim-found
Helena Mar,https://helenamar.com,draft: data/brands/helena-mar.yaml,calcado,,,portugueseshoes.pt,added
Hotboot,,site unreachable or not found,calcado,,,portugueseshoes.pt,no-website
Hugo Manuel,https://www.hugomanuelshoes.com/,,calcado,,,portugueseshoes.pt,no-claim-found
Huracán,https://www.huracandanceshoes.com/en/,,calcado,,,portugueseshoes.pt,no-claim-found
J.Reinaldo,https://jreinaldo.pt/,,calcado,,,portugueseshoes.pt,no-claim-found
J-UNK,https://www.j-unk.com/,FAQ asks where shoes are made; answer not readable,calcado,,,portugueseshoes.pt,held
JEF,https://jef.pt/,,calcado,,,portugueseshoes.pt,no-claim-found
JJ Heitor,http://www.jjheitorshoes.com,draft: data/brands/jj-heitor.yaml,calcado,,,portugueseshoes.pt,added
Josefinas,http://www.josefinas.com,already in data/brands,calcado,,,portugueseshoes.pt,duplicate
Kankura,http://www.kankuragolf.com/pt/home,draft: data/brands/kankura.yaml,calcado,,,portugueseshoes.pt,added
Kuska Jeans,http://www.kuskafootwear.com/home.php,,calcado,,,portugueseshoes.pt,no-claim-found
Lapierce,http://www.lapierce.pt,"claim found (""totalmente desenvolvida e fabricada em Portugal""), but the site does not show what it makes",calcado,,,portugueseshoes.pt,held
Last Studio,http://www.laststudio.com,sourcing company for foreign brands,calcado,,,portugueseshoes.pt,rejected
Lavoro,http://www.lavoroeurope.com,also a Reddit lead; still no claim on second pass,calcado,,,portugueseshoes.pt,no-claim-found
Lazuli,http://www.lazuli.pt,draft: data/brands/lazuli.yaml,calcado,,,portugueseshoes.pt,added
Lemon Jelly,http://www.lemonjellyshoes.com/en,also a Reddit lead; still no claim on second pass,calcado,,,portugueseshoes.pt,no-claim-found
Luís Onofre,http://luisonofre.com,already in data/brands,calcado,,,portugueseshoes.pt,duplicate
Lusquinos,http://www.lusquinos.com,site unreachable or not found,calcado,,,portugueseshoes.pt,no-website
Maray,https://maray.pt/,draft: data/brands/maray.yaml,calcado,,,portugueseshoes.pt,added
Mariano Shoes,https://marianoshoes.com/pt,draft: data/brands/mariano.yaml,calcado,,,portugueseshoes.pt,added
Marta Ponti,http://www.martaponti.com,"claim describes the 1965 origins, past tense",acessorios,,,portugueseshoes.pt,held
Mens Devotion,http://www.matashoes.com,site unreachable or not found,calcado,,,portugueseshoes.pt,no-website
Mentha,https://mentha.pt/,,calcado,,,portugueseshoes.pt,no-claim-found
Miguel Vieira,http://www.miguelvieira.pt,,calcado,,,portugueseshoes.pt,no-claim-found
MLV,http://www.mlvshoes.com,,acessorios,,,portugueseshoes.pt,no-claim-found
Moshion,https://www.moshion.com/,draft: data/brands/moshion.yaml,calcado,,,portugueseshoes.pt,added
My Cute Pooch,https://mypoochbags.com/en/,,acessorios,,,portugueseshoes.pt,no-claim-found
Newve,https://newve.pt/,already in data/brands,calcado,,,portugueseshoes.pt,duplicate
Nobrand,http://nobrand.pt,also a Reddit lead; still no claim on second pass,calcado,,,portugueseshoes.pt,no-claim-found
Norisk,http://www.noriskeurope.com/,,calcado,,,portugueseshoes.pt,no-claim-found
Pé D'arca,http://www.pedarca.pt,,calcado,,,portugueseshoes.pt,no-claim-found
Pikitri,http://pikitristore.com,site unreachable or not found,calcado,,,portugueseshoes.pt,no-website
Portdance,https://www.portdance.pt/,draft: data/brands/portdance.yaml,calcado,,,portugueseshoes.pt,added
Pratik,http://www.pratikshoes.com,,calcado,,,portugueseshoes.pt,no-claim-found
Pregis,https://pregisshoes.com/,,calcado,,,portugueseshoes.pt,no-claim-found
PROF,https://www.profonlinestore.com/,,calcado,,,portugueseshoes.pt,no-claim-found
Profession Bottier,http://www.professionbottier.com,,calcado,,,portugueseshoes.pt,no-claim-found
Raízes,https://raizes.shoes/,,calcado,,,portugueseshoes.pt,no-claim-found
RC SHOES,,site unreachable or not found,calcado,,,portugueseshoes.pt,no-website
Rufel,http://www.rufel.pt,,acessorios,,,portugueseshoes.pt,no-claim-found
RXMshoes,https://rxmshoes.pt,B2B footwear manufacturer,calcado,,,portugueseshoes.pt,rejected
Sanjo,http://www.sanjo.pt,already in data/brands,calcado,,,portugueseshoes.pt,duplicate
Sarah Maier,http://www.sarahmaier.store,site says production moved from Portugal to Italy,calcado,,,portugueseshoes.pt,rejected
Saydo,http://www.saydo.com,,calcado,,,portugueseshoes.pt,no-claim-found
Shirakawa,https://shirakawaliving.com/,draft: data/brands/shirakawa.yaml,calcado,,,portugueseshoes.pt,added
SIX London,https://www.sixlondon.com/,private-label design and sourcing agency,calcado,,,portugueseshoes.pt,rejected
SKYPRO,http://www.wearskypro.com,site unreachable or not found,calcado,,,portugueseshoes.pt,no-website
Sofia Costa,http://www.sofiacostashoes.com,,calcado,,,portugueseshoes.pt,no-claim-found
Softinos,https://shop.softinos.com/,,calcado,,,portugueseshoes.pt,no-claim-found
Softwaves,http://www.softwaves.pt,draft: data/brands/softwaves.yaml,calcado,,,portugueseshoes.pt,added
Sons of a Cobbler,https://sonsofacobbler.pt/,,calcado,,,portugueseshoes.pt,no-claim-found
Suave,http://www.suave.pt,,calcado,,,portugueseshoes.pt,no-claim-found
Tatuaggi,http://www.tatuaggi.pt,draft: data/brands/tatuaggi.yaml,calcado,,,portugueseshoes.pt,added
Telyoh,http://www.telyoh.com,site unreachable or not found,calcado,,,portugueseshoes.pt,no-website
Tentoes Nature,https://www.tentoes.pt/made-in-nature,site unreachable or not found,calcado,,,portugueseshoes.pt,no-website
Toworkfor,http://www.toworkfor.pt,also a Reddit lead; still no claim on second pass,calcado,,,portugueseshoes.pt,no-claim-found
Tríbío,http://tribio.eco/,site unreachable or not found,calcado,,,portugueseshoes.pt,no-website
Vaddia,http://vaddia.com,draft: data/brands/vaddia.yaml,calcado,,,portugueseshoes.pt,added
Valuni,https://www.valuni.com/,,calcado,,,portugueseshoes.pt,no-claim-found
Wayz,https://wayzforlife.com/pt,draft: data/brands/wayz.yaml,calcado,,,portugueseshoes.pt,added
Wock,http://www.wockshoes.com,,calcado,,,portugueseshoes.pt,no-claim-found
YUCCA,https://yucca.shoes/,,calcado,,,portugueseshoes.pt,no-claim-found
GANDAIA,https://www.gandaia.store/,draft: data/brands/gandaia.yaml,,,,oladaniela-2026,added
Ementa,https://www.ementasb.com/,only one season is described as made in Portugal,,,,oladaniela-2026,held
We The Knot,https://www.wetheknot.com/,draft: data/brands/wetheknot.yaml,,,,oladaniela-2026,added
Sienna,https://www.siennainspo.com/,also a Reddit lead; still no claim on second pass,,,,oladaniela-2026,no-claim-found
ColieCo Lingerie,https://coliecolingerie.com/,foreign brand that moved production to Portugal; waits for the foreign-brand scope decision,,,,oladaniela-2026,held
A Line,https://alineclothing.com/,draft: data/brands/a-line.yaml,,,,oladaniela-2026,added
KAOÂ,https://www.kaoaofficial.com/,,,,,oladaniela-2026,no-claim-found
Conscious,https://consciousthelabel.com/,draft: data/brands/conscious.yaml,,,,oladaniela-2026,added
Mirakaya,https://www.mirakayastore.com/,,,,,oladaniela-2026,no-claim-found
Almande,https://almande.com/,draft: data/brands/almande.yaml,,,,oladaniela-2026,added
Shoevenir,https://www.shoevenirworld.com/,draft: data/brands/shoevenir.yaml,,,,oladaniela-2026,added
8000kicks,https://www.8000kicks.com/,rejected in the Reddit pass,,,,oladaniela-2026,rejected
Captain Socks,https://www.thecaptainsocks.com/,draft: data/brands/the-captain-socks.yaml,,,,oladaniela-2026,added
Pedemeia,https://pedemeia.pt/,draft: data/brands/pedemeia.yaml,,,,oladaniela-2026,added
António – Handmade Story,https://www.antonio-handmadestory.com/,,,,,oladaniela-2026,no-claim-found
Victoria,https://www.victoria-handmade.com/,draft: data/brands/victoria-handmade.yaml,,,,oladaniela-2026,added
Fairly Normal,https://fairly-normal.com/,,,,,oladaniela-2026,no-claim-found
A Indústria,https://www.aindustria.pt/,draft: data/brands/a-industria.yaml,,,,oladaniela-2026,added
La Paz,https://lapaz.pt/,draft: data/brands/la-paz.yaml,,,,oladaniela-2026,added
Centenário 1941,https://centenario1941.com/,draft: data/brands/centenario-1941.yaml,,,,oladaniela-2026,added
Lambda,https://lambdagolf.com/,draft: data/brands/lambda.yaml,,,,oladaniela-2026,added
Alves/Gonçalves,https://alvesgoncalves.pt/,,,,,indagare,no-claim-found
Viúva Lamego,https://www.viuvalamego.com/,"tile factory, but the site never names where",,,,aicep-2025,held
TemaHome,https://www.temahome.com/,draft: data/brands/temahome.yaml,,,,aicep-2025,added
AROUNDtheTREE,,site unreachable or not found,,,,aicep-2025,no-website
Belo Inox,https://www.beloinox.com/,,,,,aicep-2025,no-claim-found
Ferreira de Sá,https://ferreiradesa.com/,draft: data/brands/ferreira-de-sa.yaml,,,,aicep-2025,added
Tavares 1922,https://tavares1922.com/,,,,,aicep-2025,no-claim-found
Mariaida Home,,site unreachable or not found,,,,aicep-2025,no-website
Essências de Portugal,https://essenciaspt.com/,"""produzimos"" without a place",,,,aicep-2025,held
Maria João Bahia,https://mariajoaobahia.com/,draft: data/brands/maria-joao-bahia.yaml,,,,aicep-2025,added
Broolls,https://broolls.com/,draft: data/brands/broolls.yaml,,,,reddit-buyfromeu,added
Oitava Colina,https://www.oitavacolina.pt/,draft: data/brands/oitava-colina.yaml,,,,reddit-buyfromeu,added
Dois Corvos,https://doiscorvos.pt/,draft: data/brands/dois-corvos.yaml,,,,reddit-buyfromeu,added
Typographia,https://typographia.com/,t-shirts; no production claim,,,,reddit-buyfromeu,no-claim-found
Castle hihihi,https://castlehihihi.com/,,,,,reddit-buyfromeu,no-claim-found
DCK,https://dckboardshorts.com/,site says production moved to Indonesia,,,,reddit-buyfromeu,rejected
Lejan,,"based in Madrid, Spain (press)",,,,reddit-buyfromeu,rejected
Fermentage,,brewpub in Marvila; no site found,,,,reddit-buyfromeu,no-website
Otherwise,,shirts made in India (Time Out Lisboa),,,,reddit-buyfromeu,rejected
Musa,https://cervejamusa.com/,factory page names no place,,,,reddit-buyfromeu,held
Salsa,,rejected in the Reddit pass,,,,reddit-buyfromeu,duplicate
ISTO,https://isto.pt/,already in data/brands,,,,reddit-buyfromeu,duplicate
NAE Vegan Shoes,https://nae-vegan.com/,already in data/brands,,,,reddit-buyfromeu,duplicate
Portuguese Flannel,https://www.portugueseflannel.com/,already in data/brands,,,,reddit-buyfromeu,duplicate
Sanjo,https://sanjo.pt/,already in data/brands,,,,reddit-buyfromeu,duplicate
Benamor,,already in data/brands,,,,reddit-buyfromeu,duplicate
We The Knot,https://www.wetheknot.com/,also listed by oladaniela,,,,reddit-buyfromeu,duplicate
Ementa,https://www.ementasb.com/,also listed by oladaniela,,,,reddit-buyfromeu,duplicate
Undandy,https://www.undandy.com/,"made-to-order shoes, Lisbon; press (WorldFootwear) places production in São João da Madeira; own domain did not resolve on 2026-10-08",calcado,,aveiro,reddit-portugal,no-website
Sapataria Lord,,shoe retailer in Baixa (CAE 47721 retail); no own production,calcado,,,reddit-portugal,rejected
Sapataria do Carmo,,already in data/brands,,,,reddit-portugal,duplicate
Citadin,,already in data/brands,,,,reddit-portugal,duplicate
Carlos Santos,http://santosshoes.com/,already in data/brands,,,,reddit-portugal,duplicate
Rockport,,US brand; not Portuguese despite the comment,,,,reddit-portugal,rejected
Urban Shepherd,https://urbanshepherdboots.com/,draft: data/brands/urban-shepherd.yaml,calcado,,leiria,reddit-buyfromeu,added
Wills Vegan Shoes,https://wills-vegan-shoes.com/,"UK brand; own site: ""ethically made in Italy & Portugal""; foreign and partial, waits for the foreign-brand scope decision",calcado,,,reddit-buyfromeu,held
Solovair,https://www.nps-solovair.com/,made in England,,,,reddit-buyfromeu,rejected
Floris van Bommel,https://www.florisvanbommel.com/,Dutch brand; own site names no country of production,calcado,,,reddit-buyfromeu,no-claim-found
Sneaky Steve,https://www.sneakysteve.se/,"Swedish brand (Gothenburg); retailers list a Felgueiras manufacturer, own site has no claim; foreign brand",calcado,,,reddit-buyfromeu,held
Bobbies,https://www.bobbies.com/,French brand; own site names no country of production,calcado,,,reddit-buyfromeu,no-claim-found
Pied de Biche,https://www.pieddebiche-paris.com/,"French brand; own site: ""fabrication chaussures en cuir au Portugal""; waits for the foreign-brand scope decision",calcado,,,reddit-buyfromeu,held
Asphalte,https://www.asphalte.com/,"French clothing brand; its boots page says ""Fabriquées au Portugal"" (only that product checked); waits for the foreign-brand scope decision",moda-e-vestuario,,,reddit-buyfromeu,held
NAE Vegan Shoes,https://nae-vegan.com/,already in data/brands,,,,reddit-buyfromeu,duplicate
Fly London,,already in data/brands,,,,reddit-buyfromeu,duplicate
Camport,https://camport.pt/,already in data/brands,,,,reddit-buyfromeu,duplicate
Old Mulla,https://oldmulla.com/,already in data/brands,,,,reddit-buyfromeu,duplicate
Jewellery byMZ,https://jewellerybymz.com/,draft: data/brands/jewellery-bymz.yaml,Joalharia,,,directory,added
TALAI,https://talai.pt/,,Joalharia,,faro,directory,no-claim-found
Trinca Bio,https://www.trincabio.com,draft: data/brands/trinca-bio.yaml,Produtos-Biológicos,,santarem,directory,added
Bean Baby Clothes,https://www.bean.pt,draft: data/brands/bean-baby-clothes.yaml,Moda-Infantil,,porto,directory,added
Pim-Pam-Pum,https://www.pimpampumbaby.com,,Moda-e-Acessórios,,braga,directory,no-claim-found
MÖHYA Signature®,https://mohyasignature.com,"jewellery maker; ""fabrico"" without a place",Joalharia,,porto,directory,held
Amavela,https://amavela.pt,draft: data/brands/amavela.yaml,Casa-e-Decoração,,porto,directory,added
Kadnse,https://kadnse.com,,Mobiliário-e-Decoração,,porto,directory,no-claim-found
Better With Almonds,https://betterwithalmonds.com,,Snacks,,castelo-branco,directory,no-claim-found
Tutti Bear,https://tuttibear.pt,,Saúde-e-Beleza,,aveiro,directory,no-claim-found
Tribo do Sol,https://www.tribodosol.pt,site unreachable,Roupa-de-Praia,,aveiro,directory,no-website
Chulé,https://chule.pt,already in data/brands,Acessórios,,lisboa,directory,duplicate
Mariano Shoes,https://marianoshoes.com,earlier lead (sources:added),Calçado,,aveiro,directory,duplicate
Casa dos Pradas,https://casadospradas.com,,Produtos-Biológicos,,braganca,directory,no-claim-found
Essências de Portugal,https://essenciaspt.com,earlier lead (sources:held),Cosmética-e-Cuidados-Pessoais,,santarem,directory,duplicate
Maria Minorca,https://mariaminorca.pt/,,Moda-Infantil,,lisboa,directory,no-claim-found
Salutem,https://salutem.pt/,,Produtos-Biológicos,,setubal,directory,no-claim-found
Vinagres Moreno,https://vinagresmoreno.pt/,,Produtos-Regionais,,santarem,directory,no-claim-found
Salus Bee,https://salusbee.pt/,,Produtos-Regionais,,setubal,directory,no-claim-found
Costa Verde,https://costa-verde.com/,already in data/brands,Mobiliário-e-Decoração,,aveiro,directory,duplicate
Pêra Doce,https://peradoce.com.pt,,Acessórios,,,directory,no-claim-found
Companhia Portuguesa,https://companhiaportuguesa.pt/,,Bebidas,,leiria,directory,no-claim-found
Criatura,https://criatura-shop.com/,"""como produzimos"" without a place",Produtos-Biológicos,,porto,directory,held
Bizart,https://bizartdecor.myshopify.com,,Mobiliário-e-Decoração,,lisboa,directory,no-claim-found
MATE Ceramics,https://mate-ceramics.com,,Mobiliário-e-Decoração,,lisboa,directory,no-claim-found
Olaria Coração,https://www.olariacoracao.pt,"""produzimos coleções próprias"" without a place",Mobiliário-e-Decoração,,evora,directory,held
A.Risca,https://arisca.shop,draft: data/brands/a-risca.yaml,Mobiliário-e-Decoração,,setubal,directory,added
Hardcore Fofo,https://www.hardcorefofo.pt,,Joalharia,,lisboa,directory,no-claim-found
My Colibri,https://mycolibri.pt/,,Mobiliário-e-Decoração,,,directory,no-claim-found
Desculpa Babe,https://desculpababe.pt,already in data/brands,Moda-e-Acessórios,,lisboa,directory,duplicate
Cayuveg,,"no site, or social media only",Conservas,,,directory,no-website
Dellium,https://dellium.pt,,Produtos-Biológicos,,lisboa,directory,no-claim-found
Sulista,https://emporspirits.com/produto/sulista/,distributor of other brands (Empor Spirits),Bebidas,,lisboa,directory,rejected
Papinhas do Sebastião,https://papinhasdosebastiao.com,,Produtos-Biológicos,,lisboa,directory,no-claim-found
Corvo Rugs,https://www.corvo-rugs.com/,,Mobiliário-e-Decoração,,aveiro,directory,no-claim-found
triipi®,https://www.triipi.com,draft: data/brands/triipi.yaml,Acessórios,,lisboa,directory,added
Miristica Biocosmética Vegana,https://miristica.pt,draft: data/brands/miristica.yaml,Cosmética-e-Cuidados-Pessoais,,coimbra,directory,added
Céu Azul,https://ceu-azul.pt,draft: data/brands/ceu-azul.yaml,Papelaria-e-Escrita,,setubal,directory,added
EASY CARE,https://easycare.pt,,Saúde-e-Beleza,,lisboa,directory,no-claim-found
Atelier do Sabão,https://www.atelierdosabao.com,draft: data/brands/atelier-do-sabao.yaml,Saúde-e-Beleza,,aveiro,directory,added
Musa Natural Cosmetics,https://musanaturalcosmetics.com,draft: data/brands/musa-natural-cosmetics.yaml,Saúde-e-Beleza,,castelo-branco,directory,added
Companhia Atlântica,https://www.companhiaatlantica.pt,draft: data/brands/companhia-atlantica.yaml,Mobiliário-e-Decoração,,leiria,directory,added
MPL beauty,https://mplbeauty.com,,Saúde-e-Beleza,,porto,directory,no-claim-found
Valle das Corujas,https://valledascorujas.pt,draft: data/brands/valle-das-corujas.yaml,Produtos-Regionais,,braganca,directory,added
MELHOR DE NÓS,https://melhordenos.pt,,Alimentação-e-Bebidas,,coimbra,directory,no-claim-found
Barbudas Surfboards,https://www.barbudassurfboards.com,,Desporto-e-Equipamentos,,faro,directory,no-claim-found
ANTARTE,https://antarte.pt,draft: data/brands/antarte.yaml,Mobiliário-e-Decoração,,porto,directory,added
Branca,https://www.branca-lisboa.com,,Mobiliário-e-Decoração,,lisboa,directory,no-claim-found
Lusa Têxtil,https://www.lusatextil.pt,,Mobiliário-e-Decoração,,aveiro,directory,no-claim-found
INOCOS,https://www.inocos.com,,Cosmética-e-Cuidados-Pessoais,,leiria,directory,no-claim-found
Baby Gi,https://babygi.pt,draft: data/brands/baby-gi.yaml,Moda-Infantil,,castelo-branco,directory,added
Snug,https://www.snug.com.pt,draft: data/brands/snug.yaml,Moda-Infantil,,porto,directory,added
Marques Almeida,https://www.marquesalmeida.com,,Moda-Feminina,,porto,directory,no-claim-found
Stone by Stone,https://www.stonebystone.pt,,Joalharia,,lisboa,directory,no-claim-found
Pulguinhas,https://pulguinhas.pt,,Moda-e-Acessórios,,evora,directory,no-claim-found
Leva-me Contigo,https://www.levamecontigo.pt,,Moda-e-Acessórios,,lisboa,directory,no-claim-found
MALÜ Pet Wear,https://malupetwear.pt,draft: data/brands/malu-pet-wear.yaml,Animais-de-Estimação,,lisboa,directory,added
Lion of Porches,https://www.lionofporches.com,,Moda-e-Acessórios,,porto,directory,no-claim-found
Tintas Tinsol,https://tintastinsol.pt/,,Casa-e-Decoração,,viseu,directory,no-claim-found
Ceramista Shop,https://ceramistashop.pt,,Casa-e-Decoração,,lisboa,directory,no-claim-found
Inês Franco,https://inesfranco.com/,,Cosmética-e-Cuidados-Pessoais,,lisboa,directory,no-claim-found
NUTCH,https://www.nutch-brand.com,,Roupa-de-Ginástica,,lisboa,directory,no-claim-found
Great I Am,https://greatiamwear.com,draft: data/brands/great-i-am.yaml,Roupa-de-Ginástica,,braga,directory,added
Dupla,https://duplabrand.com/en/,,Roupa-de-Ginástica,,porto,directory,no-claim-found
Nature Pets,https://www.naturepets.pt/,,Animais-de-Estimação,,lisboa,directory,no-claim-found
Oh my Baby Box,https://mybabybox.pt/,gift boxes; unclear which items are made by the brand,Moda-e-Acessórios,,lisboa,directory,held
Control,https://control.pt/,,Saúde-e-Beleza,,,directory,no-claim-found
3DCORK,https://www.3dcork.com/,cork materials mostly for other businesses,Casa-e-Decoração,,aveiro,directory,held
Yonest,https://yonest.com,,Gourmet,,aveiro,directory,no-claim-found
Iswari,https://www.iswari.com/,,Produtos-Biológicos,,lisboa,directory,no-claim-found
Siennainspo,https://www.siennainspo.com,earlier lead (reddit:no-claim-found),Moda-Feminina,,lisboa,directory,duplicate
Love In A Cake,https://www.loveinacake.com,,Doces,,lisboa,directory,no-claim-found
Zilian,https://www.zilian.com,already in data/brands,Calçado,,braga,directory,duplicate
Musgo Design,https://www.musgodesign.pt/,,Mobiliário-e-Decoração,,porto,directory,no-claim-found
Traces of Me,https://tracesofmetm.com/,,Moda-Feminina,,lisboa,directory,no-claim-found
Sharish Gin,https://sharishgin.pt/,draft: data/brands/sharish-gin.yaml,Produtos-Regionais,,evora,directory,added
Realboots,,"no site, or social media only",Calçado,,porto,directory,no-website
Ramirez,https://www.ramirez.pt/,"cannery; ""produzimos"" without a current place",Conservas,,porto,directory,held
Somos Marie,https://somosmarie.com/,,Moda-Feminina,,porto,directory,no-claim-found
The Captain Socks,https://thecaptainsocks.com/,already in data/brands,Acessórios,,lisboa,directory,duplicate
Le Mot – Paris – Lisboa,https://www.le-mot.com,draft: data/brands/le-mot.yaml,Moda-Feminina,,lisboa,directory,added
Diplomata Biscuit,https://www.diplomatabiscuit.pt/,,Gourmet,,aveiro,directory,no-claim-found
Beeq,https://pt.beeq-bicycles.com/?fsz=2,already in data/brands,Desporto-e-Lazer,,porto,directory,duplicate
Dck,https://dckboardshorts.com/,earlier lead (reddit:rejected),Roupa-de-Praia,,lisboa,directory,duplicate
Beesweet,https://www.beesweet.pt/,,Gourmet,,aveiro,directory,no-claim-found
J-UNK,https://j-unk.com,earlier lead (sources:held),Calçado,,aveiro,directory,duplicate
Laranjinha,https://www.laranjinha.com/pt/,earlier lead (reddit:no-claim-found),Moda-Infantil,,porto,directory,duplicate
Gracedition,,"no site, or social media only",Calçado,,,directory,no-website
LOBATOFFICIAL,https://lobatofficial.com/,,Moda-e-Acessórios,,lisboa,directory,no-claim-found
Herdmar,https://www.herdmar.com/,already in data/brands,Casa-e-Decoração,,braga,directory,duplicate
Limiano,https://www.limiano.pt/,,Produtos-Regionais,,aveiro,directory,no-claim-found
Puzzle Family,https://www.puzzlefamily.pt/,,Moda-Infantil,,,directory,no-claim-found
Maray,https://maray.pt,already in data/brands,Calçado,,lisboa,directory,duplicate
Quintas de Melgaço,https://quintasdemelgaco.pt/,,Produtos-Regionais,,viana-do-castelo,directory,no-claim-found
Siz,https://www.siz-online.com/,already in data/brands,Moda-Feminina,,setubal,directory,duplicate
Monarte,https://monarte.com/,site unreachable,Moda-Feminina,,lisboa,directory,no-website
Kleed,https://kleed.com/,,Moda-Feminina,,lisboa,directory,no-claim-found
ASPORTUGUESAS,https://asportuguesas.shoes,already in data/brands,Calçado,,aveiro,directory,duplicate
Bedattitude,,"no site, or social media only",Mobiliário-e-Decoração,,,directory,no-website
Mesh,https://www.meshlabel.com/,draft: data/brands/mesh.yaml,Joalharia,,porto,directory,added
Castelbel,https://www.castelbel.com/,already in data/brands,Cosmética-e-Cuidados-Pessoais,,porto,directory,duplicate
Mimikopets,https://www.mimikopets.com/,,Mobiliário-e-Decoração,,setubal,directory,no-claim-found
WestMister,https://www.westmister.pt/pt/,already in data/brands,Moda-Masculina,,lisboa,directory,duplicate
Pikitri,https://www.pikitristore.com/,earlier lead (sources:no-website),Calçado,,aveiro,directory,duplicate
Antiga Barbearia de Bairro,https://www.antigabarbeariadebairro.com,,Cosmética-e-Cuidados-Pessoais,,lisboa,directory,no-claim-found
meia.dúzia®,https://www.meiaduzia.pt,"""produzidos artesanalmente"" without a place",Doces,,braga,directory,held
Pedemeia,https://pedemeia.pt/,already in data/brands,Acessórios,,braga,directory,duplicate
Kroh,https://kroh.pt/,,Mobiliário-e-Decoração,,lisboa,directory,no-claim-found
BioVó,https://www.biovo.pt/,draft: data/brands/biovo.yaml,Cosmética-e-Cuidados-Pessoais,,santarem,directory,added
PinkNounou,https://www.pinknounou.com/,draft: data/brands/pinknounou.yaml,Papelaria-e-Arte,,lisboa,directory,added
Fonte do Ouro,https://www.boasquintas.com/,,Bebidas,,viseu,directory,no-claim-found
Aromas do Valado,https://www.aromasdovalado.com,,Cosmética-e-Cuidados-Pessoais,,castelo-branco,directory,no-claim-found
Coloradd,https://coloradd.net,,Tecnologia-e-Inovação,,porto,directory,no-claim-found
Sacoor Brothers,https://www.sacoor.com,,Moda-e-Acessórios,,lisboa,directory,no-claim-found
Polo Pet,https://polopetstore.com/,,Animais-de-Estimação,,porto,directory,no-claim-found
Ambar,https://www.ambar.pt,draft: data/brands/ambar.yaml,Papelaria-e-Escrita,,braga,directory,added
Type Swimwear,https://www.type.pt/,draft: data/brands/type-swimwear.yaml,Roupa-de-Praia,,lisboa,directory,added
Buzina Brand,https://www.buzinabrand.pt/,,Moda-Feminina,,braga,directory,no-claim-found
Wonther,https://www.wonther.com/,,Joalharia,,braga,directory,no-claim-found
Paupério,https://www.pauperio.pt/,,Doces,,porto,directory,no-claim-found
Kind of Sweet,https://kindofsweet.com/,,Joalharia,,porto,directory,no-claim-found
Costa Nova,https://costanova.com/,already in data/brands,Mobiliário-e-Decoração,,aveiro,directory,duplicate
Util,https://thisisutil.com/,draft: data/brands/util.yaml,Mobiliário-e-Decoração,,lisboa,directory,added
Decenio,https://www.decenio.com,,Roupa-de-Praia,,braga,directory,no-claim-found
ROS Lisbon,https://www.roslisbon.com/,,Calçado,,lisboa,directory,no-claim-found
Vértice,https://www.dourovertice.pt/,,Bebidas,,vila-real,directory,no-claim-found
Avianense,https://www.avianense.pt/,,Doces,,braga,directory,no-claim-found
Volt Padel,https://www.voltpadel.com/,,Desporto-e-Equipamentos,,porto,directory,no-claim-found
Arrabidine – Segredo dos Monges da Arrábida,https://www.arrabidine.pt/,,Produtos-Regionais,,setubal,directory,no-claim-found
Memória Lusa,https://memorialusa-portugal.blogspot.com/,"""produzimos"" ceramics without a place; blog site",Mobiliário-e-Decoração,,leiria,directory,held
Fyke,https://www.fyke.eu/,,Desporto-e-Lazer,,porto,directory,no-claim-found
Água das Pedras,https://www.aguadaspedras.com/,,Bebidas,,vila-real,directory,no-claim-found
Futah,https://futah.world,earlier lead (reddit:no-claim-found),Roupa-de-Praia,,lisboa,directory,duplicate
CardsLab,https://www.cardslabgames.com,,Cultura-e-Educação,,lisboa,directory,no-claim-found
Sanjo,https://www.sanjo.pt,already in data/brands,Calçado,,braga,directory,duplicate
Oupas!,https://www.oupasdesign.com/,,Papelaria-e-Escrita,,porto,directory,no-claim-found
Zé Picolé,https://www.zepicole.pt/,,Doces,,porto,directory,no-claim-found
Benamôr,https://www.benamor1925.com/,already in data/brands,Cosmética-e-Cuidados-Pessoais,,lisboa,directory,duplicate
Cavemen Men Accessories,https://cavemenstore.com/,draft: data/brands/cavemen.yaml,Joalharia,,lisboa,directory,added
NÄZ,https://naz.pt/,already in data/brands,Moda-Feminina,,castelo-branco,directory,duplicate
Planeta Tangerina,https://www.planetatangerina.com,,Cultura-e-Educação,,lisboa,directory,no-claim-found
Casulo,https://ana-morais.com,,Mobiliário-e-Decoração,,porto,directory,no-claim-found
Quinta São Miguel de Roriz,https://saomiguelderoriz.pt,"farm produce boxes, not a manufactured product",Produtos-Biológicos,,braga,directory,held
Otherwise,https://otherwise.shop,earlier lead (reddit:no-claim-found),Moda-e-Acessórios,,lisboa,directory,duplicate
Lemon Jelly,https://www.lemonjelly.com/,earlier lead (reddit:no-claim-found),Calçado,,porto,directory,duplicate
Carolina Curado Jewelry,https://www.carolinacurado.com/,draft: data/brands/carolina-curado.yaml,Joalharia,,lisboa,directory,added
Trouxa Mocha,https://www.trouxamocha.com/,earlier lead (reddit:no-claim-found),Calçado,,coimbra,directory,duplicate
Fly London,https://www.flylondon.com/,already in data/brands,Calçado,,braga,directory,duplicate
Hopiness,https://www.hopiness-store.com/,,Roupa-de-Praia,,lisboa,directory,no-claim-found
Belo Inox,https://www.beloinox.pt,earlier lead (sources:no-claim-found),Casa-e-Decoração,,braga,directory,duplicate
Cartuxa,https://www.cartuxa.pt/,,Produtos-Regionais,,evora,directory,no-claim-found
Kitess,https://kitess-clothing.com/,draft: data/brands/kitess.yaml,Roupa-de-Praia,,lisboa,directory,added
La Paz,https://www.lapaz.pt/,already in data/brands,Moda-Masculina,,porto,directory,duplicate
Cantê Lisboa,https://www.cantelisboa.com/,draft: data/brands/cante.yaml,Roupa-de-Praia,,lisboa,directory,added
Naturapura,https://naturapura.com,draft: data/brands/naturapura.yaml,Moda-Infantil,,braga,directory,added
Sovina,,"no site, or social media only",Bebidas,,porto,directory,no-website
À Capucha,https://acapucha.com,,Acessórios,,porto,directory,no-claim-found
Diwia,https://www.diwia.pt/,,Moda-Feminina,,porto,directory,no-claim-found
Barbot,https://www.barbot.pt/,,Casa-e-Decoração,,porto,directory,no-claim-found
Donsilia Professional,https://www.donsiliaprofessional.pt/,,Cosmética-e-Cuidados-Pessoais,,leiria,directory,no-claim-found
Salsa Jeans,https://www.salsajeans.com/,,Moda-e-Acessórios,,braga,directory,no-claim-found
Citrina,https://citrina-plants.com/,,Casa-e-Decoração,,lisboa,directory,no-claim-found
Toino Abel,https://www.toinoabel.com/,already in data/brands,Acessórios,,leiria,directory,duplicate
Benedita Formosinho,https://www.beneditaformosinho.com/,already in data/brands,Moda-Feminina,,setubal,directory,duplicate
Baja Swimwear,https://bajaswim.com/,,Roupa-de-Praia,,lisboa,directory,no-claim-found
Paparina,https://www.paparina.com/,earlier lead (reddit:no-claim-found),Roupa-de-Praia,,setubal,directory,duplicate
Rufel,https://www.rufel.pt/,earlier lead (sources:no-claim-found),Acessórios,,aveiro,directory,duplicate
WO DESIGN,https://www.wodesign.pt/,,Tecnologia,,porto,directory,no-claim-found
Quinta do Romeu,https://www.romeu.pt/,,Produtos-Biológicos,,braganca,directory,no-claim-found
Patachou,https://www.patachou.com,,Moda-Infantil,,porto,directory,no-claim-found
Cantaloupe Studio,https://cantaloupe-studio.com/,draft: data/brands/cantaloupe-studio.yaml,Calçado,,lisboa,directory,added
Cluoh,https://www.cluoh.com,draft: data/brands/cluoh.yaml,Acessórios,,lisboa,directory,added
Eletta,https://boutiquedosrelogios.pt/pt/eletta,,Joalharia,,lisboa,directory,no-claim-found
Hassu,https://www.hassu.pt/,,Joalharia,,porto,directory,no-claim-found
Mind the Trash,https://mindthetrash.pt,,Cosmética-e-Cuidados-Pessoais,,lisboa,directory,no-claim-found
Galeiras,https://www.galeiras.pt/,,Joalharia,,braga,directory,no-claim-found
Licor Beirão,https://www.licorbeirao.com/,draft: data/brands/licor-beirao.yaml,Bebidas,,coimbra,directory,added
Delta,https://deltacafes.com/,"coffee roaster; only the first factory (Campo Maior) is mentioned, historically",Bebidas,,portalegre,directory,held
Minimal Cork,https://minimalcork.com/,,Mobiliário-e-Decoração,,porto,directory,no-claim-found
Lanidor,https://www.lanidor.com/,earlier lead (reddit:rejected),Moda-Feminina,,braga,directory,duplicate
Nobrand,https://www.nobrand.pt/,earlier lead (reddit:no-claim-found),Calçado,,porto,directory,duplicate
Serra Oca,https://www.quintadoolivaldamurta.pt/,,Bebidas,,lisboa,directory,no-claim-found
Strelitzia,https://www.strelitzia.pt/,draft: data/brands/strelitzia.yaml,Calçado,,lisboa,directory,added
Zástrás,https://www.zastrasforbabies.com/,draft: data/brands/zas-tras.yaml,Calçado,,lisboa,directory,added
Tomelo,https://tomelo.pt/,"only a blog title says ""made in portugal""",Cosmética-e-Cuidados-Pessoais,,braganca,directory,held
Poças,https://www.pocas.pt/,,Produtos-Regionais,,porto,directory,no-claim-found
Lobo Apparel,https://loboapparel.pt/,already in data/brands,Roupa-de-Luxo,,lisboa,directory,duplicate
Cerveja Nortada,https://www.cervejanortada.pt/,,Bebidas,,porto,directory,no-claim-found
Couto,https://www.couto.pt/,,Cosmética-e-Cuidados-Pessoais,,porto,directory,no-claim-found
Moagem Carlos Valente,https://www.moagemcarlosvalente.pt/,,Produtos-Regionais,,aveiro,directory,no-claim-found
Ramos Cerâmica,https://ramosceramica.com,"ceramics atelier in Lisbon, but no production claim",Mobiliário-e-Decoração,,lisboa,directory,held
Lemonade,https://lemonade-collective.com/,,Acessórios,,porto,directory,no-claim-found
Pedaços de Cacau,https://pedacosdecacau.pt/,,Doces,,porto,directory,no-claim-found
Mr Mood,https://www.mrmood.pt,,Roupa-de-Praia,,lisboa,directory,no-claim-found
Alameda Turquesa,https://www.alamedaturquesa.com/,draft: data/brands/alameda-turquesa.yaml,Calçado,,coimbra,directory,added
Science4You,https://www.science4you.pt/,draft: data/brands/science4you.yaml,Cultura-e-Educação,,lisboa,directory,added
Esporão,https://www.esporao.com/,,Produtos-Regionais,,evora,directory,no-claim-found
Puranusa,https://puranusa.com/,,Joalharia,,setubal,directory,no-claim-found
Campos Santos,https://www.campossantos.com/,,Produtos-Regionais,,faro,directory,no-claim-found
Feitoria do Cacao,https://www.feitoriadocacao.com/,draft: data/brands/feitoria-do-cacao.yaml,Produtos-Regionais,,porto,directory,added
Antiflop,https://www.antiflop.pt/,,Acessórios,,lisboa,directory,no-claim-found
Dois Corvos Cervejeira,https://www.doiscorvos.pt/,already in data/brands,Bebidas,,lisboa,directory,duplicate
Tesouros da Ria,https://www.tesourosdaria.pt,,Produtos-Regionais,,aveiro,directory,no-claim-found
Latitid,https://www.latitid.com/,,Roupa-de-Praia,,lisboa,directory,no-claim-found
Zouri,https://www.zouri-shoes.com/,already in data/brands,Calçado,,braga,directory,duplicate
Fini,https://fini.pt,,Gourmet,,leiria,directory,no-claim-found
Andorine,https://www.andorine.com/,,Moda-Infantil,,porto,directory,no-claim-found
Carob World,https://www.carobworld.com,,Snacks,,faro,directory,no-claim-found
Victoria Handmade,https://www.victoria-handmade.com/,already in data/brands,Casa-e-Decoração,,leiria,directory,duplicate
Azeite Andorinha,https://www.azeiteandorinha.com.br/,,Produtos-Regionais,,beja,directory,no-claim-found
Arcane Jewellery,https://www.arcane-jewellery.com/,,Joalharia,,lisboa,directory,no-claim-found
Regina,https://www.regina.pt,,Doces,,porto,directory,no-claim-found
Oito.Um,https://www.oitoum.pt,"""produzimos"" without a place",Roupa-de-Ginástica,,lisboa,directory,held
My Gojji,https://www.mygojji.com/,,Roupa-de-Praia,,setubal,directory,no-claim-found
Cosbe,https://www.cosbeconcept.com,,Cosmética-e-Cuidados-Pessoais,,lisboa,directory,no-claim-found
Tété,https://www.tete.pt,,Produtos-Regionais,,lisboa,directory,no-claim-found
Treze,https://www.trezeaderecosreligiosos.pt/,,Mobiliário-e-Decoração,,santarem,directory,no-claim-found
Cata Vassalo,https://www.catavassalo.com/,,Joalharia,,lisboa,directory,no-claim-found
Portugal Jewels,https://www.portugaljewels.com/,draft: data/brands/portugal-jewels.yaml,Joalharia,,lisboa,directory,added
Cavalinho,https://www.cavalinho.com/,already in data/brands,Calçado,,aveiro,directory,duplicate
BAMandBOO,https://thebamandboo.com/,draft: data/brands/bamandboo.yaml,Saúde-e-Beleza,,acores,directory,added
Oitava Colina,https://www.oitavacolina.pt/,already in data/brands,Bebidas,,lisboa,directory,duplicate
PICA·PAU Woodcraft,https://www.picapauwoodcraft.com,,Acessórios,,lisboa,directory,no-claim-found
Adega do Monte Branco,https://www.adegamontebranco.com,,Bebidas,,evora,directory,no-claim-found
Vandoma,https://vandomaties.com/,draft: data/brands/vandoma.yaml,Moda-Masculina,,porto,directory,added
Oiôba,https://www.oioba.com/,,Roupa-de-Praia,,porto,directory,no-claim-found
Inspirações Portuguesas,,"no site, or social media only",Casa-e-Decoração,,lisboa,directory,no-website
Lameirinho,https://lameirinho.com,,Casa-e-Decoração,,braga,directory,no-claim-found
R-Coat,https://r-coat.com/,,Acessórios,,lisboa,directory,no-claim-found
PiuPiuChick,https://www.piupiuchick.com,draft: data/brands/piupiuchick.yaml,Moda-Infantil,,porto,directory,added
Dancers by Georgia,https://www.dancersbygeorgia.com,draft: data/brands/dancers-by-georgia.yaml,Moda-e-Acessórios,,lisboa,directory,added
Chiacare,https://www.chiacare.pt/,,Cosmética-e-Cuidados-Pessoais,,lisboa,directory,no-claim-found
Rodilha,https://rodilha.com/,draft: data/brands/rodilha.yaml,Acessórios,,leiria,directory,added
Arcádia,https://arcadiachocolates.com/,"""processos de fabrico"" without a place",Doces,,porto,directory,held
IMMA,https://immathebrand.com/,draft: data/brands/imma.yaml,Moda-Feminina,,,directory,added
Vista Alegre,https://www.vistaalegre.com/,already in data/brands,Mobiliário-e-Decoração,,aveiro,directory,duplicate
Adega Mayor,https://www.adegamayor.pt,,Bebidas,,portalegre,directory,no-claim-found
O Melhor do Ribatejo Portugal,https://www.omelhordoribatejo.pt,,Produtos-Regionais,,santarem,directory,no-claim-found
Mike Davis,https://www.mikedavis.pt/,earlier lead (reddit:no-claim-found),Roupa-de-Ginástica,,porto,directory,duplicate
Lágrima do Mondego,https://lagrimasreais.pt/,,Bebidas,,coimbra,directory,no-claim-found
Not Guilty,https://notguilty.land/,,Doces,,braga,directory,no-claim-found
One Watch Company,https://onewatchcompany.com/,,Joalharia,,lisboa,directory,no-claim-found
Barn of Monkeys,https://www.barnofmonkeys.com/,,Moda-Infantil,,porto,directory,no-claim-found
Dam,https://damportugal.com/,draft: data/brands/dam.yaml,Mobiliário-e-Decoração,,porto,directory,added
Bat Eye,https://www.bateye.com/,draft: data/brands/bat-eye.yaml,Mobiliário-e-Decoração,,porto,directory,added
Kckliko,https://www.kckliko.com/,,Casa-e-Decoração,,lisboa,directory,no-claim-found
Wayz,https://wayzforlife.com,already in data/brands,Calçado,,porto,directory,duplicate
Arte Nova Jewellery by Martins Barbosa Design,https://artenovajewellery.pt/,jewellery manufacturer; no place stated,Joalharia,,braga,directory,held
Swee Ibéria,https://www.swee.pt,claim appears only as a press quote,Doces,,lisboa,directory,held
CB Coração Bobo,https://www.coracaobobo.com,,Roupa-de-Praia,,lisboa,directory,no-claim-found
Olaio,https://www.olaio.pt/,already in data/brands,Mobiliário-e-Decoração,,lisboa,directory,duplicate
Quinta do Vallado,https://www.quintadovallado.com/,,Bebidas,,vila-real,directory,no-claim-found
Hands on Earth,https://www.handsonearth.com.pt,draft: data/brands/hands-on-earth.yaml,Produtos-Biológicos,,braga,directory,added
Licor 35,https://licor35.pt,,Bebidas,,lisboa,directory,no-claim-found
Sahoco,https://www.sahoco.com/,,Moda-Feminina,,leiria,directory,no-claim-found
Galula,https://galulastudio.com/,draft: data/brands/galula.yaml,Mobiliário-e-Decoração,,porto,directory,added
Aromas da Villa,https://www.aromasdavilla.com/,"""fabrico sustentável"" without a place",Cosmética-e-Cuidados-Pessoais,,coimbra,directory,held
Carolina Machado,https://www.carolina-machado.com,draft: data/brands/carolina-machado.yaml,Moda-Feminina,,porto,directory,added
Tecedeiras,https://tecedeiras.pt/,,Produtos-Regionais,,viseu,directory,no-claim-found
Elsa Barreto,https://elsabarreto.pt/,,Moda-Feminina,,braga,directory,no-claim-found
Camport,https://www.camport.pt/,already in data/brands,Calçado,,braga,directory,duplicate
O Amor é Cego,https://www.azeiteamorecego.pt,,Produtos-Regionais,,evora,directory,no-claim-found
38 Graus,https://38graus.com,,Roupa-de-Praia,,lisboa,directory,no-claim-found
NYOS,https://nyosswimwear.com,draft: data/brands/nyos.yaml,Roupa-de-Praia,,lisboa,directory,added
Miss Can,https://www.miss-can.com/,,Conservas,,lisboa,directory,no-claim-found
Dicci,https://www.dicci.eu/,draft: data/brands/dicci.yaml,Joalharia,,porto,directory,added
Microgreens,https://www.microgreens.pt/,,Gourmet,,setubal,directory,no-claim-found
Black Pig,https://blackpig.pt/,,Bebidas,,setubal,directory,no-claim-found
Real Companhia Velha,https://www.realcompanhiavelha.pt/,,Bebidas,,porto,directory,no-claim-found
wetheknot,https://wetheknot.com,already in data/brands,Moda-e-Acessórios,,lisboa,directory,duplicate
nae Vegan Shoes,https://www.nae-vegan.com/,earlier lead (sources:duplicate),Calçado,,lisboa,directory,duplicate
Missus,https://missus.pt/,,Roupa-de-Praia,,lisboa,directory,no-claim-found
Renova,https://www.myrenova.com/,draft: data/brands/renova.yaml,Saúde-e-Beleza,,santarem,directory,added
KAOÂ,https://www.kaoaofficial.com/,earlier lead (sources:no-claim-found),Moda-Feminina,,lisboa,directory,duplicate
Spall’s,https://spalls.pt/,draft: data/brands/spalls.yaml,Snacks,,aveiro,directory,added
Cubanas,https://cubanas-shoes.com/,already in data/brands,Calçado,,lisboa,directory,duplicate
Blue Avenue Beachwear,https://blueavenue.co/,draft: data/brands/blue-avenue.yaml,Roupa-de-Praia,,braga,directory,added
Pão de Ló Burguês,https://paodeloburgues.pt/,"""fabrico próprio"" without a place",Doces,,braga,directory,held
Marqqa,https://marqqa.com/,draft: data/brands/marqqa.yaml,Mobiliário-e-Decoração,,leiria,directory,added
Acushla,https://www.acushla.com/,,Produtos-Regionais,,braganca,directory,no-claim-found
Cerveja Vadia,https://www.cervejavadia.pt/,,Bebidas,,aveiro,directory,no-claim-found
Sementes de Portugal,https://www.sementesdeportugal.pt/,,Casa-e-Decoração,,leiria,directory,no-claim-found
YAY,https://yaystore.pt/,,Moda-Infantil,,lisboa,directory,no-claim-found
Torres Novas,https://www.torresnovas.com/,already in data/brands,Casa-e-Decoração,,santarem,directory,duplicate
Mahrla,https://mahrla.pt,earlier lead (reddit:no-claim-found),Moda-Feminina,,porto,directory,duplicate
Chocolataria Equador,https://www.cacaoequador.pt,"""nossa fábrica"" without a place",Produtos-Regionais,,porto,directory,held
Mimosa,https://www.mimosa.pt/,,Alimentação-e-Bebidas,,lisboa,directory,no-claim-found
Barkyn,https://barkyn.com/,,Animais-de-Estimação,,porto,directory,no-claim-found
Sidrada,https://www.sidrada.pt,,Produtos-Regionais,,leiria,directory,no-claim-found
Serramel,https://www.serramel.com/,,Produtos-Regionais,,castelo-branco,directory,no-claim-found
A Oficina dos Presentes,https://www.aoficinadospresentes.pt/,,Papelaria-e-Arte,,porto,directory,no-claim-found
Sonatural,https://www.sonatural.pt/,"""nossa fábrica"" without a place",Produtos-Biológicos,,santarem,directory,held
Owl Paperlamps,https://www.owlpaperlamps.com,draft: data/brands/owl-paperlamps.yaml,Mobiliário-e-Decoração,,lisboa,directory,added
Blackcork,https://www.blackcork.pt,,Mobiliário-e-Decoração,,santarem,directory,no-claim-found
Dr. Bayard,https://www.drbayard.com/,draft: data/brands/dr-bayard.yaml,Doces,,lisboa,directory,added
Mishmash,https://www.mishmash.pt,already in data/brands,Papelaria-e-Arte,,porto,directory,duplicate
Marques,https://marques.world,,Moda-Masculina,,lisboa,directory,no-claim-found
Viúva Lamego,https://www.viuvalamego.com/pt/,earlier lead (sources:held),Mobiliário-e-Decoração,,lisboa,directory,duplicate
Cerveja Musa,https://www.cervejamusa.com/,earlier lead (sources:held),Bebidas,,lisboa,directory,duplicate
HLC Jewellery,https://www.hlc.pt/pt,,Joalharia,,lisboa,directory,no-claim-found
Cerveja Artesanal Barona,https://cervejabarona.pt/,,Bebidas,,portalegre,directory,no-claim-found
Life in a Bag,https://www.lifeinabag.pt,draft: data/brands/life-in-a-bag.yaml,Casa-e-Decoração,,braga,directory,added
Gleba,https://mygleba.com/,,Produtos-Biológicos,,lisboa,directory,no-claim-found
Sampedro,https://www.sampedro.pt/,,Têxteis-de-Casa,,braga,directory,no-claim-found
Azeite Caixeiro,https://azeitecaixeiro.pt/,draft: data/brands/azeite-caixeiro.yaml,Produtos-Regionais,,vila-real,directory,added
Vangloria Jewelry,https://vangloriajewelry.com,,Joalharia,,lisboa,directory,no-claim-found
Marita Moreno,https://www.maritamoreno.com,draft: data/brands/marita-moreno.yaml,Calçado,,lisboa,directory,added
Giovanni Galli,https://www.giovannigallistore.com,,Calçado,,porto,directory,no-claim-found
Maiorista,https://www.maiorista.pt/,,Moda-Infantil,,porto,directory,no-claim-found
Projeto Serra,https://www.projetoserra.com/,already in data/brands,Roupa-de-Ginástica,,braga,directory,duplicate
JJ Heitor,https://www.jjheitorshoes.com,already in data/brands,Calçado,,aveiro,directory,duplicate
Meam,https://buymeam.com/,,Moda-Feminina,,braga,directory,no-claim-found
The Red Wolf,https://www.theredwolf.pt/,,Papelaria-e-Arte,,porto,directory,no-claim-found
Real Gin,,"no site, or social media only",Bebidas,,setubal,directory,no-website
Entrudo,https://www.entrudo.com/,draft: data/brands/entrudo.yaml,Calçado,,porto,directory,added
Mauî Official,https://mauiofficial.com/,draft: data/brands/maui.yaml,Moda-Feminina,,braga,directory,added
Yogan,https://yogancreamery.com,,Produtos-Biológicos,,braga,directory,no-claim-found
Laboratório d’Estórias,https://www.laboratoriodestorias.com/,,Mobiliário-e-Decoração,,leiria,directory,no-claim-found
As Belinhas,https://www.asbelinhas.com,"""100% Português"" refers to the brand",Mobiliário-e-Decoração,,braga,directory,held
Cacao di Vine,https://www.cacaodivine.com,"""fabrico próprio"" without a place",Doces,,porto,directory,held
Wewood Portuguese Joinery,https://wewood.eu/,draft: data/brands/wewood.yaml,Mobiliário-e-Decoração,,porto,directory,added
Sidra Artesanal Alfa,https://www.sidraalfa.pt,,Produtos-Regionais,,braganca,directory,no-claim-found
Indagatio,https://indagatiostore.com/,earlier lead (reddit:no-claim-found),Roupa-de-Ginástica,,porto,directory,duplicate
Bordallo Pinheiro,https://www.bordallopinheiro.com/,already in data/brands,Mobiliário-e-Decoração,,leiria,directory,duplicate
D’AVEIA,https://daveia.pt,,Saúde-e-Beleza,,lisboa,directory,no-claim-found
Meljewel,https://meljewel.com,,Joalharia,,lisboa,directory,no-claim-found
Tarwi,https://tarwi.co.uk/,,Snacks,,lisboa,directory,no-claim-found
Frize,https://frize.pt/,,Bebidas,,braganca,directory,no-claim-found
Bavash Design,https://www.bavashdesigns.com,,Acessórios,,porto,directory,no-claim-found
Água do Fastio,https://fastio.pt/,,Bebidas,,braga,directory,no-claim-found
Amalia Home Collection,https://shop.amaliahomecollection.com/,draft: data/brands/amalia-home-collection.yaml,Mobiliário-e-Decoração,,braga,directory,added
Throttleman,https://www.throttleman.com,earlier lead (reddit:no-claim-found),Moda-Masculina,,aveiro,directory,duplicate
Occidens,https://www.occidens.pt/,,Produtos-Biológicos,,porto,directory,no-claim-found
Infinitebook,https://infinitebook.pt/,,Papelaria-e-Escrita,,porto,directory,no-claim-found
MÏA-MÔ,https://www.mia-mo.com/,draft: data/brands/mia-mo.yaml,Moda-Feminina,,porto,directory,added
Matta,https://www.matta.surf/,draft: data/brands/matta.yaml,Desporto-e-Equipamentos,,setubal,directory,added
Sugo Cork Rugs,https://sugocorkrugs.com/,draft: data/brands/sugo-cork-rugs.yaml,Mobiliário-e-Decoração,,aveiro,directory,added
Rosa Malva Atelier,https://rosamalva.com/,,Mobiliário-e-Decoração,,porto,directory,no-claim-found
Yntenzo,https://www.yntenzo.com,,Saúde-e-Beleza,,braga,directory,no-claim-found
CUSCUZ,https://cuscuz.studio/,,Acessórios,,coimbra,directory,no-claim-found
Citadin,https://www.citadinshoes.com,already in data/brands,Calçado,,aveiro,directory,duplicate
GRAUº Cerâmica,https://grauceramica.com/,,Mobiliário-e-Decoração,,lisboa,directory,no-claim-found
Play Up,https://www.playupstore.com/,earlier lead (reddit:no-claim-found),Moda-Infantil,,braga,directory,duplicate
Francis Stories,https://www.francis-stories.com,,Moda-Feminina,,porto,directory,no-claim-found
Quinta da Romaneira,https://www.quintadaromaneira.pt/,,Bebidas,,vila-real,directory,no-claim-found
Golden Customs,https://www.goldencustoms.pt/,,Moda-Masculina,,porto,directory,no-claim-found
IVO Cutelarias,https://www.ivocutelarias.com/,already in data/brands,Mesa-e-Cozinha,,leiria,directory,duplicate
Dom Villas,https://www.domvillas.pt/,,Produtos-Regionais,,braga,directory,no-claim-found
Pelcor,https://www.pelcor.pt,,Acessórios,,lisboa,directory,no-claim-found
Quinta do Pessegueiro,https://www.quintadopessegueiro.com/,,Bebidas,,viseu,directory,no-claim-found
Firmo,https://www.firmo.pt/,,Papelaria-e-Escrita,,porto,directory,no-claim-found
Voke,https://www.vokeswimwear.com/,,Roupa-de-Praia,,lisboa,directory,no-claim-found
Maldita,,"no site, or social media only",Bebidas,,aveiro,directory,no-website
Luso,https://www.aguadeluso.pt,,Produtos-Regionais,,aveiro,directory,no-claim-found
Beiranova,https://beiranova.pt,,Alimentação-e-Bebidas,,viseu,directory,no-claim-found
Inedit.Design,https://www.ineditdesign.com,draft: data/brands/inedit.yaml,Moda-Feminina,,lisboa,directory,added
FORA,https://fora.pt,,Acessórios,,lisboa,directory,no-claim-found
Ruga,https://www.ruga.pt,,Moda-Feminina,,braga,directory,no-claim-found
ADICO,https://www.adico.pt,already in data/brands,Mobiliário-e-Decoração,,aveiro,directory,duplicate
Aromáticas Vivas,https://www.aromaticasvivas.com/,"potted herbs, a farm rather than a manufactured product",Produtos-Biológicos,,viana-do-castelo,directory,held
A Tarte,https://www.atarte.pt/,,Doces,,lisboa,directory,no-claim-found
Viarco,https://www.viarco.pt/,already in data/brands,Papelaria-e-Escrita,,aveiro,directory,duplicate
Dos Santos Craft Beer,https://dossantoscraftbeer.com/,,Bebidas,,faro,directory,no-claim-found
La Petite Sardine,https://lapetitesardine.pt/,,Casa-e-Decoração,,braga,directory,no-claim-found
Casa Cubista,https://www.casacubista.com/,draft: data/brands/casa-cubista.yaml,Mobiliário-e-Decoração,,faro,directory,added
Superbotânica,https://www.superbotanica.com/,,Casa-e-Decoração,,lisboa,directory,no-claim-found
Lazuli,https://www.lazuli.pt,already in data/brands,Calçado,,aveiro,directory,duplicate
Comporta Perfumes,https://comportaperfumes.com/,,Cosmética-e-Cuidados-Pessoais,,setubal,directory,no-claim-found
Cinco,https://cinco-store.com/,draft: data/brands/cinco.yaml,Joalharia,,coimbra,directory,added
Likecork,https://www.likecork.com/,site unreachable,Mobiliário-e-Decoração,,setubal,directory,no-website
Ecolã,https://ecolaportugal.com,already in data/brands,Mobiliário-e-Decoração,,guarda,directory,duplicate
Rutz Walk in Cork,https://www.rutz.pt/,draft: data/brands/rutz.yaml,Calçado,,lisboa,directory,added
Limontejo,https://www.limontejo.com,draft: data/brands/limontejo.yaml,Bebidas,,lisboa,directory,added
+351,https://www.plus351.pt,earlier lead (reddit:no-claim-found),Roupa-de-Praia,,lisboa,directory,duplicate
DUB – DRESSED UP BOOKS,https://www.dub.com.pt,,Papelaria-e-Escrita,,lisboa,directory,no-claim-found
Ananás Bordados,,"no site, or social media only",Papelaria-e-Arte,,,directory,no-website
Super Bock,https://www.superbock.pt,brewery; production place not stated on the pages read,Bebidas,,porto,directory,held
Ahua,https://ahuasurf.com/,,Desporto-e-Equipamentos,,setubal,directory,no-claim-found
Inês Telles,https://www.inestelles.com,,Joalharia,,lisboa,directory,no-claim-found
Compal,https://www.compal.pt/,draft: data/brands/compal.yaml,Bebidas,,lisboa,directory,added
Bam by Ana Menezes,https://bamstore.eu/,,Moda-Feminina,,lisboa,directory,no-claim-found
JOSÉ Gourmet,https://josegourmet.com/,,Conservas,,lisboa,directory,no-claim-found
Cantinho das Aromáticas,https://www.cantinhodasaromaticas.pt/,,Produtos-Biológicos,,porto,directory,no-claim-found
Nacional,https://www.nacional.pt/,,Alimentação-e-Bebidas,,porto,directory,no-claim-found
Neighbours,https://www.ginbowfinespirits.com/,,Bebidas,,lisboa,directory,no-claim-found
Claus Porto,https://www.clausporto.com/,already in data/brands,Cosmética-e-Cuidados-Pessoais,,porto,directory,duplicate
Josefinas,https://www.josefinas.com/,already in data/brands,Calçado,,braga,directory,duplicate
Bennie,https://www.bennie.pt/,draft: data/brands/bennie.yaml,Moda-Infantil,,braga,directory,added
Cucawik,https://cucawik.com/,draft: data/brands/cucawik.yaml,Papelaria-e-Arte,,lisboa,directory,added
Fruut,https://fruut.pt,,Snacks,,viseu,directory,no-claim-found
Coquine Jewelry,https://www.coquinejewelry.com/,,Joalharia,,lisboa,directory,no-claim-found
ISTO.,https://www.isto.pt,already in data/brands,Moda-Masculina,,lisboa,directory,duplicate
Zippy,https://www.zippy.pt,,Moda-Infantil,,porto,directory,no-claim-found
Ghome,https://www.ghome.pt/,draft: data/brands/ghome.yaml,Mobiliário-e-Decoração,,braga,directory,added
Thursday Gin,https://www.thursdaygin.com/,,Produtos-Regionais,,portalegre,directory,no-claim-found
O Benefício,https://obeneficio.com/,,Bebidas,,,directory,no-claim-found
Vimeiro,https://www.aguadovimeiro.pt/,,Bebidas,,lisboa,directory,no-claim-found
Sömmer Jewelry,https://sommerjewelry.com,,Joalharia,,lisboa,directory,no-claim-found
Just Burel,https://www.justburel.com,,Calçado,,castelo-branco,directory,no-claim-found
Parfois,https://www.parfois.com,,Acessórios,,lisboa,directory,no-claim-found
Sopro,https://www.soprojewellery.com/,,Joalharia,,lisboa,directory,no-claim-found
Alto do JOA,https://www.casadojoa.com/,,Bebidas,,braganca,directory,no-claim-found
B-MUM,https://www.b-mum.com/,,Casa-e-Decoração,,braga,directory,no-claim-found
Dr. Kid,https://www.dr-kid.com,draft: data/brands/dr-kid.yaml,Moda-Infantil,,porto,directory,added
Gint Rubro,https://www.gin-t.pt/,,Bebidas,,porto,directory,no-claim-found
Ach. Brito,https://www.achbrito.com/,already in data/brands,Cosmética-e-Cuidados-Pessoais,,porto,directory,duplicate
O Patinho Azul,https://www.opatinhoazul.com,,Moda-Infantil,,porto,directory,no-claim-found
Lachoix,https://www.lachoix.com,draft: data/brands/lachoix.yaml,Calçado,,lisboa,directory,added
Joana Mota Capitão Jewellery,https://www.joanamotacapitao.com,,Joalharia,,lisboa,directory,no-claim-found
BOXPT,https://www.boxpt.com/,draft: data/brands/boxpt.yaml,Desporto-e-Equipamentos,,braga,directory,added
Ramos Pinto,https://www.ramospinto.pt/,,Bebidas,,porto,directory,no-claim-found
Limonrose,https://limonrose.com/,site unreachable,Moda-Feminina,,braga,directory,no-website
